MSN,state,Year,data
NGRCB,AK,1960,176

NGRCB,AK,1961,195

NGRCB,AK,1962,556

NGRCB,AK,1963,693

NGRCB,AK,1964,1055

NGRCB,AK,1965,1451

NGRCB,AK,1966,1794

NGRCB,AK,1967,1958

NGRCB,AK,1968,2304

NGRCB,AK,1969,4596

NGRCB,AK,1970,6242

NGRCB,AK,1971,6927

NGRCB,AK,1972,8434

NGRCB,AK,1973,5081

NGRCB,AK,1974,4182

NGRCB,AK,1975,10442

NGRCB,AK,1976,10968

NGRCB,AK,1977,11336

NGRCB,AK,1978,12151

NGRCB,AK,1979,7303

NGRCB,AK,1980,7935

NGRCB,AK,1981,7933

NGRCB,AK,1982,10545

NGRCB,AK,1983,10449

NGRCB,AK,1984,11850

NGRCB,AK,1985,13336

NGRCB,AK,1986,12207

NGRCB,AK,1987,12371

NGRCB,AK,1988,12576

NGRCB,AK,1989,13532

NGRCB,AK,1990,13398

NGRCB,AK,1991,13587

NGRCB,AK,1992,14379

NGRCB,AK,1993,13767

NGRCB,AK,1994,14910

NGRCB,AK,1995,15325

NGRCB,AK,1996,16003

NGRCB,AK,1997,15143

NGRCB,AK,1998,15597

NGRCB,AK,1999,17631

NGRCB,AK,2000,16418

NGRCB,AK,2001,16995

NGRCB,AK,2002,16248

NGRCB,AK,2003,16920

NGRCB,AK,2004,18268

NGRCB,AK,2005,18098

NGRCB,AK,2006,20715

NGRCB,AK,2007,19961

NGRCB,AK,2008,21568

NGRCB,AK,2009,20075

NGRCB,AK,2010,18806

NGRCB,AK,2011,20521

NGRCB,AK,2012,21634

NGRCB,AK,2013,19233

NGRCB,AK,2014,17751

NGRCB,AK,2015,18593

NGRCB,AK,2016,17806

NGRCB,AK,2017,20000

NGRCB,AK,2018,18108

NGRCB,AK,2019,17698

NGRCB,AL,1960,42265

NGRCB,AL,1961,39942

NGRCB,AL,1962,43659

NGRCB,AL,1963,48930

NGRCB,AL,1964,53251

NGRCB,AL,1965,49720

NGRCB,AL,1966,49258

NGRCB,AL,1967,46955

NGRCB,AL,1968,53414

NGRCB,AL,1969,56613

NGRCB,AL,1970,57508

NGRCB,AL,1971,56568

NGRCB,AL,1972,55052

NGRCB,AL,1973,57295

NGRCB,AL,1974,56647

NGRCB,AL,1975,53826

NGRCB,AL,1976,58451

NGRCB,AL,1977,58121

NGRCB,AL,1978,58646

NGRCB,AL,1979,53905

NGRCB,AL,1980,54087

NGRCB,AL,1981,51971

NGRCB,AL,1982,49372

NGRCB,AL,1983,50093

NGRCB,AL,1984,52186

NGRCB,AL,1985,45354

NGRCB,AL,1986,46269

NGRCB,AL,1987,50689

NGRCB,AL,1988,50326

NGRCB,AL,1989,49563

NGRCB,AL,1990,46728

NGRCB,AL,1991,47398

NGRCB,AL,1992,51038

NGRCB,AL,1993,52916

NGRCB,AL,1994,51252

NGRCB,AL,1995,51016

NGRCB,AL,1996,58395

NGRCB,AL,1997,50505

NGRCB,AL,1998,48384

NGRCB,AL,1999,44176

NGRCB,AL,2000,49529

NGRCB,AL,2001,50839

NGRCB,AL,2002,47846

NGRCB,AL,2003,47948

NGRCB,AL,2004,44958

NGRCB,AL,2005,43309

NGRCB,AL,2006,39180

NGRCB,AL,2007,36412

NGRCB,AL,2008,38656

NGRCB,AL,2009,37030

NGRCB,AL,2010,42872

NGRCB,AL,2011,37180

NGRCB,AL,2012,28022

NGRCB,AL,2013,35626

NGRCB,AL,2014,39842

NGRCB,AL,2015,33653

NGRCB,AL,2016,29155

NGRCB,AL,2017,27077

NGRCB,AL,2018,35669

NGRCB,AL,2019,31472

NGRCB,AR,1960,34424

NGRCB,AR,1961,34954

NGRCB,AR,1962,34898

NGRCB,AR,1963,37342

NGRCB,AR,1964,41420

NGRCB,AR,1965,36536

NGRCB,AR,1966,51900

NGRCB,AR,1967,52830

NGRCB,AR,1968,56346

NGRCB,AR,1969,58322

NGRCB,AR,1970,60031

NGRCB,AR,1971,48932

NGRCB,AR,1972,47394

NGRCB,AR,1973,48783

NGRCB,AR,1974,43982

NGRCB,AR,1975,48302

NGRCB,AR,1976,49146

NGRCB,AR,1977,50042

NGRCB,AR,1978,47899

NGRCB,AR,1979,50679

NGRCB,AR,1980,46561

NGRCB,AR,1981,42592

NGRCB,AR,1982,44689

NGRCB,AR,1983,43669

NGRCB,AR,1984,46768

NGRCB,AR,1985,40863

NGRCB,AR,1986,39044

NGRCB,AR,1987,40556

NGRCB,AR,1988,43155

NGRCB,AR,1989,42485

NGRCB,AR,1990,39486

NGRCB,AR,1991,41312

NGRCB,AR,1992,39743

NGRCB,AR,1993,46117

NGRCB,AR,1994,42431

NGRCB,AR,1995,44579

NGRCB,AR,1996,47509

NGRCB,AR,1997,43019

NGRCB,AR,1998,39139

NGRCB,AR,1999,36894

NGRCB,AR,2000,43159

NGRCB,AR,2001,37695

NGRCB,AR,2002,40085

NGRCB,AR,2003,39161

NGRCB,AR,2004,35078

NGRCB,AR,2005,33927

NGRCB,AR,2006,32467

NGRCB,AR,2007,33041

NGRCB,AR,2008,36028

NGRCB,AR,2009,33635

NGRCB,AR,2010,36509

NGRCB,AR,2011,34241

NGRCB,AR,2012,26454

NGRCB,AR,2013,35663

NGRCB,AR,2014,38558

NGRCB,AR,2015,33463

NGRCB,AR,2016,27469

NGRCB,AR,2017,26080

NGRCB,AR,2018,35466

NGRCB,AR,2019,34175

NGRCB,AZ,1960,28367

NGRCB,AZ,1961,25850

NGRCB,AZ,1962,22934

NGRCB,AZ,1963,25131

NGRCB,AZ,1964,30454

NGRCB,AZ,1965,27100

NGRCB,AZ,1966,26918

NGRCB,AZ,1967,27025

NGRCB,AZ,1968,28709

NGRCB,AZ,1969,30586

NGRCB,AZ,1970,31430

NGRCB,AZ,1971,34544

NGRCB,AZ,1972,36085

NGRCB,AZ,1973,38168

NGRCB,AZ,1974,34343

NGRCB,AZ,1975,39811

NGRCB,AZ,1976,42228

NGRCB,AZ,1977,40348

NGRCB,AZ,1978,32073

NGRCB,AZ,1979,30735

NGRCB,AZ,1980,30863

NGRCB,AZ,1981,27741

NGRCB,AZ,1982,31066

NGRCB,AZ,1983,30589

NGRCB,AZ,1984,28874

NGRCB,AZ,1985,29945

NGRCB,AZ,1986,26348

NGRCB,AZ,1987,29466

NGRCB,AZ,1988,29165

NGRCB,AZ,1989,28287

NGRCB,AZ,1990,31301

NGRCB,AZ,1991,32122

NGRCB,AZ,1992,29273

NGRCB,AZ,1993,28955

NGRCB,AZ,1994,30516

NGRCB,AZ,1995,27915

NGRCB,AZ,1996,27990

NGRCB,AZ,1997,31765

NGRCB,AZ,1998,36702

NGRCB,AZ,1999,33466

NGRCB,AZ,2000,35089

NGRCB,AZ,2001,36475

NGRCB,AZ,2002,35921

NGRCB,AZ,2003,36265

NGRCB,AZ,2004,38864

NGRCB,AZ,2005,36602

NGRCB,AZ,2006,36732

NGRCB,AZ,2007,39305

NGRCB,AZ,2008,39461

NGRCB,AZ,2009,35367

NGRCB,AZ,2010,38445

NGRCB,AZ,2011,39094

NGRCB,AZ,2012,35693

NGRCB,AZ,2013,40729

NGRCB,AZ,2014,33442

NGRCB,AZ,2015,36047

NGRCB,AZ,2016,36579

NGRCB,AZ,2017,34332

NGRCB,AZ,2018,36517

NGRCB,AZ,2019,43411

NGRCB,CA,1960,377572

NGRCB,CA,1961,388749

NGRCB,CA,1962,430026

NGRCB,CA,1963,444928

NGRCB,CA,1964,499736

NGRCB,CA,1965,524855

NGRCB,CA,1966,531915

NGRCB,CA,1967,559715

NGRCB,CA,1968,553353

NGRCB,CA,1969,600914

NGRCB,CA,1970,582381

NGRCB,CA,1971,665072

NGRCB,CA,1972,669746

NGRCB,CA,1973,646764

NGRCB,CA,1974,611387

NGRCB,CA,1975,666718

NGRCB,CA,1976,630446

NGRCB,CA,1977,568934

NGRCB,CA,1978,565126

NGRCB,CA,1979,619069

NGRCB,CA,1980,552411

NGRCB,CA,1981,509933

NGRCB,CA,1982,562517

NGRCB,CA,1983,518959

NGRCB,CA,1984,490008

NGRCB,CA,1985,547793

NGRCB,CA,1986,481277

NGRCB,CA,1987,516573

NGRCB,CA,1988,511451

NGRCB,CA,1989,534620

NGRCB,CA,1990,530961

NGRCB,CA,1991,522101

NGRCB,CA,1992,492278

NGRCB,CA,1993,520050

NGRCB,CA,1994,530977

NGRCB,CA,1995,482729

NGRCB,CA,1996,489526

NGRCB,CA,1997,487098

NGRCB,CA,1998,580925

NGRCB,CA,1999,576853

NGRCB,CA,2000,494165

NGRCB,CA,2001,520632

NGRCB,CA,2002,520837

NGRCB,CA,2003,507874

NGRCB,CA,2004,522272

NGRCB,CA,2005,494886

NGRCB,CA,2006,502984

NGRCB,CA,2007,506805

NGRCB,CA,2008,502833

NGRCB,CA,2009,493696

NGRCB,CA,2010,505530

NGRCB,CA,2011,522406

NGRCB,CA,2012,487614

NGRCB,CA,2013,494357

NGRCB,CA,2014,408754

NGRCB,CA,2015,415935

NGRCB,CA,2016,426390

NGRCB,CA,2017,446314

NGRCB,CA,2018,438159

NGRCB,CA,2019,480485

NGRCB,CO,1960,54125

NGRCB,CO,1961,57691

NGRCB,CO,1962,59175

NGRCB,CO,1963,50330

NGRCB,CO,1964,59225

NGRCB,CO,1965,59621

NGRCB,CO,1966,72295

NGRCB,CO,1967,68419

NGRCB,CO,1968,77352

NGRCB,CO,1969,80014

NGRCB,CO,1970,80448

NGRCB,CO,1971,82658

NGRCB,CO,1972,89204

NGRCB,CO,1973,96525

NGRCB,CO,1974,89913

NGRCB,CO,1975,89516

NGRCB,CO,1976,96766

NGRCB,CO,1977,88735

NGRCB,CO,1978,79319

NGRCB,CO,1979,86026

NGRCB,CO,1980,89225

NGRCB,CO,1981,74657

NGRCB,CO,1982,84772

NGRCB,CO,1983,84709

NGRCB,CO,1984,93655

NGRCB,CO,1985,90085

NGRCB,CO,1986,81412

NGRCB,CO,1987,86303

NGRCB,CO,1988,93521

NGRCB,CO,1989,92502

NGRCB,CO,1990,92191

NGRCB,CO,1991,100304

NGRCB,CO,1992,96440

NGRCB,CO,1993,107145

NGRCB,CO,1994,99507

NGRCB,CO,1995,105766

NGRCB,CO,1996,112607

NGRCB,CO,1997,116644

NGRCB,CO,1998,111534

NGRCB,CO,1999,111789

NGRCB,CO,2000,116133

NGRCB,CO,2001,124175

NGRCB,CO,2002,129771

NGRCB,CO,2003,125422

NGRCB,CO,2004,121353

NGRCB,CO,2005,127677

NGRCB,CO,2006,122875

NGRCB,CO,2007,134578

NGRCB,CO,2008,136006

NGRCB,CO,2009,130896

NGRCB,CO,2010,133463

NGRCB,CO,2011,134161

NGRCB,CO,2012,120076

NGRCB,CO,2013,139516

NGRCB,CO,2014,138065

NGRCB,CO,2015,129193

NGRCB,CO,2016,128959

NGRCB,CO,2017,125643

NGRCB,CO,2018,137145

NGRCB,CO,2019,154040

NGRCB,CT,1960,16556

NGRCB,CT,1961,18393

NGRCB,CT,1962,19351

NGRCB,CT,1963,20073

NGRCB,CT,1964,21400

NGRCB,CT,1965,22721

NGRCB,CT,1966,25406

NGRCB,CT,1967,26727

NGRCB,CT,1968,26860

NGRCB,CT,1969,29513

NGRCB,CT,1970,31686

NGRCB,CT,1971,32388

NGRCB,CT,1972,33405

NGRCB,CT,1973,30715

NGRCB,CT,1974,33818

NGRCB,CT,1975,32304

NGRCB,CT,1976,32568

NGRCB,CT,1977,31380

NGRCB,CT,1978,32213

NGRCB,CT,1979,31651

NGRCB,CT,1980,32747

NGRCB,CT,1981,34171

NGRCB,CT,1982,33949

NGRCB,CT,1983,31813

NGRCB,CT,1984,34022

NGRCB,CT,1985,33761

NGRCB,CT,1986,36158

NGRCB,CT,1987,37254

NGRCB,CT,1988,40749

NGRCB,CT,1989,42078

NGRCB,CT,1990,38694

NGRCB,CT,1991,38334

NGRCB,CT,1992,43570

NGRCB,CT,1993,43353

NGRCB,CT,1994,42899

NGRCB,CT,1995,42036

NGRCB,CT,1996,45019

NGRCB,CT,1997,41694

NGRCB,CT,1998,36248

NGRCB,CT,1999,39281

NGRCB,CT,2000,42716

NGRCB,CT,2001,41968

NGRCB,CT,2002,41250

NGRCB,CT,2003,46819

NGRCB,CT,2004,45252

NGRCB,CT,2005,45650

NGRCB,CT,2006,40103

NGRCB,CT,2007,44385

NGRCB,CT,2008,43815

NGRCB,CT,2009,45020

NGRCB,CT,2010,43815

NGRCB,CT,2011,45951

NGRCB,CT,2012,42340

NGRCB,CT,2013,47716

NGRCB,CT,2014,52615

NGRCB,CT,2015,52337

NGRCB,CT,2016,47327

NGRCB,CT,2017,49815

NGRCB,CT,2018,54702

NGRCB,CT,2019,53808

NGRCB,DC,1960,9045

NGRCB,DC,1961,9450

NGRCB,DC,1962,10046

NGRCB,DC,1963,10276

NGRCB,DC,1964,10739

NGRCB,DC,1965,11056

NGRCB,DC,1966,11145

NGRCB,DC,1967,12637

NGRCB,DC,1968,12920

NGRCB,DC,1969,13802

NGRCB,DC,1970,14112

NGRCB,DC,1971,14243

NGRCB,DC,1972,14475

NGRCB,DC,1973,14047

NGRCB,DC,1974,13439

NGRCB,DC,1975,13339

NGRCB,DC,1976,14153

NGRCB,DC,1977,12611

NGRCB,DC,1978,13556

NGRCB,DC,1979,13457

NGRCB,DC,1980,13771

NGRCB,DC,1981,13878

NGRCB,DC,1982,13263

NGRCB,DC,1983,13137

NGRCB,DC,1984,17582

NGRCB,DC,1985,16854

NGRCB,DC,1986,17521

NGRCB,DC,1987,16963

NGRCB,DC,1988,17663

NGRCB,DC,1989,17607

NGRCB,DC,1990,15258

NGRCB,DC,1991,15377

NGRCB,DC,1992,16703

NGRCB,DC,1993,16705

NGRCB,DC,1994,16039

NGRCB,DC,1995,15784

NGRCB,DC,1996,17446

NGRCB,DC,1997,16138

NGRCB,DC,1998,13607

NGRCB,DC,1999,14444

NGRCB,DC,2000,15854

NGRCB,DC,2001,13283

NGRCB,DC,2002,14591

NGRCB,DC,2003,15565

NGRCB,DC,2004,14661

NGRCB,DC,2005,14573

NGRCB,DC,2006,11698

NGRCB,DC,2007,13732

NGRCB,DC,2008,13592

NGRCB,DC,2009,13937

NGRCB,DC,2010,13799

NGRCB,DC,2011,12583

NGRCB,DC,2012,11587

NGRCB,DC,2013,13610

NGRCB,DC,2014,14854

NGRCB,DC,2015,14088

NGRCB,DC,2016,11880

NGRCB,DC,2017,12368

NGRCB,DC,2018,13584

NGRCB,DC,2019,12487

NGRCB,DE,1960,3945

NGRCB,DE,1961,4422

NGRCB,DE,1962,4796

NGRCB,DE,1963,5235

NGRCB,DE,1964,5481

NGRCB,DE,1965,5939

NGRCB,DE,1966,6458

NGRCB,DE,1967,7131

NGRCB,DE,1968,7365

NGRCB,DE,1969,7789

NGRCB,DE,1970,8000

NGRCB,DE,1971,8335

NGRCB,DE,1972,8520

NGRCB,DE,1973,7661

NGRCB,DE,1974,7534

NGRCB,DE,1975,7088

NGRCB,DE,1976,7511

NGRCB,DE,1977,7378

NGRCB,DE,1978,7666

NGRCB,DE,1979,7182

NGRCB,DE,1980,7137

NGRCB,DE,1981,7044

NGRCB,DE,1982,6897

NGRCB,DE,1983,6313

NGRCB,DE,1984,6975

NGRCB,DE,1985,6346

NGRCB,DE,1986,6973

NGRCB,DE,1987,7140

NGRCB,DE,1988,7721

NGRCB,DE,1989,7746

NGRCB,DE,1990,7337

NGRCB,DE,1991,7236

NGRCB,DE,1992,8499

NGRCB,DE,1993,8590

NGRCB,DE,1994,8863

NGRCB,DE,1995,8807

NGRCB,DE,1996,10140

NGRCB,DE,1997,9289

NGRCB,DE,1998,8235

NGRCB,DE,1999,9461

NGRCB,DE,2000,9858

NGRCB,DE,2001,9477

NGRCB,DE,2002,9898

NGRCB,DE,2003,11173

NGRCB,DE,2004,10773

NGRCB,DE,2005,10721

NGRCB,DE,2006,9449

NGRCB,DE,2007,10375

NGRCB,DE,2008,10197

NGRCB,DE,2009,10367

NGRCB,DE,2010,10376

NGRCB,DE,2011,10323

NGRCB,DE,2012,8808

NGRCB,DE,2013,10673

NGRCB,DE,2014,11944

NGRCB,DE,2015,11854

NGRCB,DE,2016,10159

NGRCB,DE,2017,10371

NGRCB,DE,2018,12605

NGRCB,DE,2019,12145

NGRCB,FL,1960,6603

NGRCB,FL,1961,8694

NGRCB,FL,1962,6820

NGRCB,FL,1963,7475

NGRCB,FL,1964,11822

NGRCB,FL,1965,8436

NGRCB,FL,1966,8737

NGRCB,FL,1967,9798

NGRCB,FL,1968,11861

NGRCB,FL,1969,12195

NGRCB,FL,1970,15305

NGRCB,FL,1971,13785

NGRCB,FL,1972,13740

NGRCB,FL,1973,17360

NGRCB,FL,1974,15769

NGRCB,FL,1975,16388

NGRCB,FL,1976,17879

NGRCB,FL,1977,19435

NGRCB,FL,1978,23125

NGRCB,FL,1979,18459

NGRCB,FL,1980,16189

NGRCB,FL,1981,18099

NGRCB,FL,1982,14745

NGRCB,FL,1983,16866

NGRCB,FL,1984,16362

NGRCB,FL,1985,15010

NGRCB,FL,1986,14912

NGRCB,FL,1987,15946

NGRCB,FL,1988,16080

NGRCB,FL,1989,14148

NGRCB,FL,1990,14063

NGRCB,FL,1991,14177

NGRCB,FL,1992,15813

NGRCB,FL,1993,15320

NGRCB,FL,1994,15634

NGRCB,FL,1995,15553

NGRCB,FL,1996,18188

NGRCB,FL,1997,13879

NGRCB,FL,1998,14869

NGRCB,FL,1999,14433

NGRCB,FL,2000,16772

NGRCB,FL,2001,16558

NGRCB,FL,2002,15669

NGRCB,FL,2003,16527

NGRCB,FL,2004,16460

NGRCB,FL,2005,16732

NGRCB,FL,2006,16134

NGRCB,FL,2007,15602

NGRCB,FL,2008,16086

NGRCB,FL,2009,15682

NGRCB,FL,2010,19198

NGRCB,FL,2011,16648

NGRCB,FL,2012,14635

NGRCB,FL,2013,15593

NGRCB,FL,2014,17143

NGRCB,FL,2015,15791

NGRCB,FL,2016,15763

NGRCB,FL,2017,15423

NGRCB,FL,2018,17570

NGRCB,FL,2019,16944

NGRCB,GA,1960,57798

NGRCB,GA,1961,59006

NGRCB,GA,1962,60841

NGRCB,GA,1963,66188

NGRCB,GA,1964,72950

NGRCB,GA,1965,69854

NGRCB,GA,1966,78581

NGRCB,GA,1967,83776

NGRCB,GA,1968,87687

NGRCB,GA,1969,91658

NGRCB,GA,1970,90067

NGRCB,GA,1971,91057

NGRCB,GA,1972,87888

NGRCB,GA,1973,88777

NGRCB,GA,1974,78329

NGRCB,GA,1975,89514

NGRCB,GA,1976,88684

NGRCB,GA,1977,100991

NGRCB,GA,1978,99061

NGRCB,GA,1979,94535

NGRCB,GA,1980,93124

NGRCB,GA,1981,94416

NGRCB,GA,1982,89428

NGRCB,GA,1983,93753

NGRCB,GA,1984,97778

NGRCB,GA,1985,86387

NGRCB,GA,1986,91584

NGRCB,GA,1987,103247

NGRCB,GA,1988,110829

NGRCB,GA,1989,106377

NGRCB,GA,1990,92702

NGRCB,GA,1991,99272

NGRCB,GA,1992,110920

NGRCB,GA,1993,118781

NGRCB,GA,1994,108601

NGRCB,GA,1995,117648

NGRCB,GA,1996,129982

NGRCB,GA,1997,117568

NGRCB,GA,1998,110308

NGRCB,GA,1999,101447

NGRCB,GA,2000,143406

NGRCB,GA,2001,124111

NGRCB,GA,2002,129902

NGRCB,GA,2003,133730

NGRCB,GA,2004,130142

NGRCB,GA,2005,128939

NGRCB,GA,2006,113510

NGRCB,GA,2007,115129

NGRCB,GA,2008,122159

NGRCB,GA,2009,121368

NGRCB,GA,2010,141661

NGRCB,GA,2011,115423

NGRCB,GA,2012,99148

NGRCB,GA,2013,123480

NGRCB,GA,2014,136706

NGRCB,GA,2015,120795

NGRCB,GA,2016,119188

NGRCB,GA,2017,114365

NGRCB,GA,2018,136713

NGRCB,GA,2019,126519

NGRCB,HI,1960,0

NGRCB,HI,1961,0

NGRCB,HI,1962,0

NGRCB,HI,1963,0

NGRCB,HI,1964,0

NGRCB,HI,1965,0

NGRCB,HI,1966,0

NGRCB,HI,1967,0

NGRCB,HI,1968,0

NGRCB,HI,1969,0

NGRCB,HI,1970,0

NGRCB,HI,1971,0

NGRCB,HI,1972,0

NGRCB,HI,1973,0

NGRCB,HI,1974,0

NGRCB,HI,1975,0

NGRCB,HI,1976,0

NGRCB,HI,1977,0

NGRCB,HI,1978,0

NGRCB,HI,1979,0

NGRCB,HI,1980,1364

NGRCB,HI,1981,1236

NGRCB,HI,1982,1184

NGRCB,HI,1983,1147

NGRCB,HI,1984,1075

NGRCB,HI,1985,676

NGRCB,HI,1986,629

NGRCB,HI,1987,631

NGRCB,HI,1988,607

NGRCB,HI,1989,610

NGRCB,HI,1990,605

NGRCB,HI,1991,589

NGRCB,HI,1992,592

NGRCB,HI,1993,592

NGRCB,HI,1994,607

NGRCB,HI,1995,601

NGRCB,HI,1996,571

NGRCB,HI,1997,533

NGRCB,HI,1998,565

NGRCB,HI,1999,552

NGRCB,HI,2000,560

NGRCB,HI,2001,557

NGRCB,HI,2002,571

NGRCB,HI,2003,562

NGRCB,HI,2004,549

NGRCB,HI,2005,535

NGRCB,HI,2006,542

NGRCB,HI,2007,528

NGRCB,HI,2008,520

NGRCB,HI,2009,530

NGRCB,HI,2010,529

NGRCB,HI,2011,509

NGRCB,HI,2012,503

NGRCB,HI,2013,585

NGRCB,HI,2014,559

NGRCB,HI,2015,562

NGRCB,HI,2016,560

NGRCB,HI,2017,558

NGRCB,HI,2018,568

NGRCB,HI,2019,548

NGRCB,IA,1960,60475

NGRCB,IA,1961,63681

NGRCB,IA,1962,70100

NGRCB,IA,1963,68551

NGRCB,IA,1964,72040

NGRCB,IA,1965,78032

NGRCB,IA,1966,80033

NGRCB,IA,1967,83305

NGRCB,IA,1968,86720

NGRCB,IA,1969,93135

NGRCB,IA,1970,97085

NGRCB,IA,1971,93061

NGRCB,IA,1972,97373

NGRCB,IA,1973,92555

NGRCB,IA,1974,93002

NGRCB,IA,1975,95125

NGRCB,IA,1976,90369

NGRCB,IA,1977,87262

NGRCB,IA,1978,81001

NGRCB,IA,1979,96142

NGRCB,IA,1980,85199

NGRCB,IA,1981,77244

NGRCB,IA,1982,85459

NGRCB,IA,1983,78391

NGRCB,IA,1984,80943

NGRCB,IA,1985,79609

NGRCB,IA,1986,74940

NGRCB,IA,1987,65769

NGRCB,IA,1988,76644

NGRCB,IA,1989,78253

NGRCB,IA,1990,71870

NGRCB,IA,1991,79415

NGRCB,IA,1992,75176

NGRCB,IA,1993,83659

NGRCB,IA,1994,78881

NGRCB,IA,1995,82643

NGRCB,IA,1996,88607

NGRCB,IA,1997,82432

NGRCB,IA,1998,69657

NGRCB,IA,1999,72805

NGRCB,IA,2000,74221

NGRCB,IA,2001,71341

NGRCB,IA,2002,71754

NGRCB,IA,2003,74236

NGRCB,IA,2004,68538

NGRCB,IA,2005,67692

NGRCB,IA,2006,62628

NGRCB,IA,2007,68443

NGRCB,IA,2008,76201

NGRCB,IA,2009,70599

NGRCB,IA,2010,68775

NGRCB,IA,2011,67696

NGRCB,IA,2012,56611

NGRCB,IA,2013,74635

NGRCB,IA,2014,79620

NGRCB,IA,2015,66042

NGRCB,IA,2016,64672

NGRCB,IA,2017,63711

NGRCB,IA,2018,75122

NGRCB,IA,2019,75888

NGRCB,ID,1960,2257

NGRCB,ID,1961,2749

NGRCB,ID,1962,3296

NGRCB,ID,1963,3847

NGRCB,ID,1964,5105

NGRCB,ID,1965,5207

NGRCB,ID,1966,5914

NGRCB,ID,1967,6476

NGRCB,ID,1968,6696

NGRCB,ID,1969,7141

NGRCB,ID,1970,8181

NGRCB,ID,1971,8971

NGRCB,ID,1972,11551

NGRCB,ID,1973,10524

NGRCB,ID,1974,10057

NGRCB,ID,1975,14864

NGRCB,ID,1976,13225

NGRCB,ID,1977,12478

NGRCB,ID,1978,8217

NGRCB,ID,1979,9165

NGRCB,ID,1980,7779

NGRCB,ID,1981,7181

NGRCB,ID,1982,7355

NGRCB,ID,1983,6816

NGRCB,ID,1984,7669

NGRCB,ID,1985,8139

NGRCB,ID,1986,7436

NGRCB,ID,1987,7126

NGRCB,ID,1988,7837

NGRCB,ID,1989,9020

NGRCB,ID,1990,8808

NGRCB,ID,1991,10560

NGRCB,ID,1992,9949

NGRCB,ID,1993,13035

NGRCB,ID,1994,12752

NGRCB,ID,1995,13393

NGRCB,ID,1996,15389

NGRCB,ID,1997,15710

NGRCB,ID,1998,16614

NGRCB,ID,1999,18588

NGRCB,ID,2000,19602

NGRCB,ID,2001,19453

NGRCB,ID,2002,21010

NGRCB,ID,2003,19526

NGRCB,ID,2004,21530

NGRCB,ID,2005,22745

NGRCB,ID,2006,23494

NGRCB,ID,2007,23977

NGRCB,ID,2008,28197

NGRCB,ID,2009,26127

NGRCB,ID,2010,24496

NGRCB,ID,2011,27137

NGRCB,ID,2012,24296

NGRCB,ID,2013,28067

NGRCB,ID,2014,25056

NGRCB,ID,2015,24329

NGRCB,ID,2016,26004

NGRCB,ID,2017,30119

NGRCB,ID,2018,28607

NGRCB,ID,2019,31834

NGRCB,IL,1960,240242

NGRCB,IL,1961,260546

NGRCB,IL,1962,286316

NGRCB,IL,1963,296210

NGRCB,IL,1964,324378

NGRCB,IL,1965,351902

NGRCB,IL,1966,365965

NGRCB,IL,1967,394892

NGRCB,IL,1968,405272

NGRCB,IL,1969,448389

NGRCB,IL,1970,450131

NGRCB,IL,1971,474210

NGRCB,IL,1972,499948

NGRCB,IL,1973,455926

NGRCB,IL,1974,472241

NGRCB,IL,1975,490998

NGRCB,IL,1976,520593

NGRCB,IL,1977,534532

NGRCB,IL,1978,529952

NGRCB,IL,1979,507711

NGRCB,IL,1980,488997

NGRCB,IL,1981,476727

NGRCB,IL,1982,468651

NGRCB,IL,1983,448325

NGRCB,IL,1984,498779

NGRCB,IL,1985,464465

NGRCB,IL,1986,446247

NGRCB,IL,1987,413977

NGRCB,IL,1988,470652

NGRCB,IL,1989,510979

NGRCB,IL,1990,451886

NGRCB,IL,1991,475833

NGRCB,IL,1992,483903

NGRCB,IL,1993,505733

NGRCB,IL,1994,483714

NGRCB,IL,1995,510877

NGRCB,IL,1996,548974

NGRCB,IL,1997,507791

NGRCB,IL,1998,418897

NGRCB,IL,1999,455021

NGRCB,IL,2000,477379

NGRCB,IL,2001,435642

NGRCB,IL,2002,465427

NGRCB,IL,2003,480558

NGRCB,IL,2004,449459

NGRCB,IL,2005,443991

NGRCB,IL,2006,404471

NGRCB,IL,2007,439314

NGRCB,IL,2008,472366

NGRCB,IL,2009,445693

NGRCB,IL,2010,419761

NGRCB,IL,2011,422588

NGRCB,IL,2012,364839

NGRCB,IL,2013,459893

NGRCB,IL,2014,490661

NGRCB,IL,2015,412894

NGRCB,IL,2016,399189

NGRCB,IL,2017,388810

NGRCB,IL,2018,451040

NGRCB,IL,2019,452296

NGRCB,IN,1960,78663

NGRCB,IN,1961,87512

NGRCB,IN,1962,98370

NGRCB,IN,1963,98957

NGRCB,IN,1964,108011

NGRCB,IN,1965,114243

NGRCB,IN,1966,122454

NGRCB,IN,1967,139519

NGRCB,IN,1968,146101

NGRCB,IN,1969,156856

NGRCB,IN,1970,159651

NGRCB,IN,1971,163723

NGRCB,IN,1972,170217

NGRCB,IN,1973,154709

NGRCB,IN,1974,157630

NGRCB,IN,1975,161190

NGRCB,IN,1976,151316

NGRCB,IN,1977,150113

NGRCB,IN,1978,166617

NGRCB,IN,1979,171474

NGRCB,IN,1980,161855

NGRCB,IN,1981,157874

NGRCB,IN,1982,162640

NGRCB,IN,1983,146131

NGRCB,IN,1984,152630

NGRCB,IN,1985,147422

NGRCB,IN,1986,141398

NGRCB,IN,1987,140301

NGRCB,IN,1988,155928

NGRCB,IN,1989,158446

NGRCB,IN,1990,143053

NGRCB,IN,1991,148537

NGRCB,IN,1992,154395

NGRCB,IN,1993,166075

NGRCB,IN,1994,159485

NGRCB,IN,1995,162971

NGRCB,IN,1996,181906

NGRCB,IN,1997,170987

NGRCB,IN,1998,142506

NGRCB,IN,1999,154254

NGRCB,IN,2000,165287

NGRCB,IN,2001,150897

NGRCB,IN,2002,157872

NGRCB,IN,2003,171596

NGRCB,IN,2004,149882

NGRCB,IN,2005,151334

NGRCB,IN,2006,129833

NGRCB,IN,2007,145762

NGRCB,IN,2008,154674

NGRCB,IN,2009,141866

NGRCB,IN,2010,140134

NGRCB,IN,2011,133699

NGRCB,IN,2012,116929

NGRCB,IN,2013,146575

NGRCB,IN,2014,159397

NGRCB,IN,2015,136142

NGRCB,IN,2016,129516

NGRCB,IN,2017,128855

NGRCB,IN,2018,150829

NGRCB,IN,2019,150165

NGRCB,KS,1960,76062

NGRCB,KS,1961,87291

NGRCB,KS,1962,88403

NGRCB,KS,1963,81711

NGRCB,KS,1964,85533

NGRCB,KS,1965,86359

NGRCB,KS,1966,87099

NGRCB,KS,1967,84063

NGRCB,KS,1968,88300

NGRCB,KS,1969,93188

NGRCB,KS,1970,97122

NGRCB,KS,1971,98447

NGRCB,KS,1972,100640

NGRCB,KS,1973,94993

NGRCB,KS,1974,91689

NGRCB,KS,1975,96561

NGRCB,KS,1976,99373

NGRCB,KS,1977,92827

NGRCB,KS,1978,97529

NGRCB,KS,1979,100544

NGRCB,KS,1980,84786

NGRCB,KS,1981,74153

NGRCB,KS,1982,82355

NGRCB,KS,1983,81043

NGRCB,KS,1984,78836

NGRCB,KS,1985,78342

NGRCB,KS,1986,69580

NGRCB,KS,1987,73065

NGRCB,KS,1988,75320

NGRCB,KS,1989,75372

NGRCB,KS,1990,71263

NGRCB,KS,1991,75588

NGRCB,KS,1992,70602

NGRCB,KS,1993,83805

NGRCB,KS,1994,74051

NGRCB,KS,1995,76078

NGRCB,KS,1996,85107

NGRCB,KS,1997,69571

NGRCB,KS,1998,69775

NGRCB,KS,1999,67816

NGRCB,KS,2000,71137

NGRCB,KS,2001,70498

NGRCB,KS,2002,71470

NGRCB,KS,2003,71247

NGRCB,KS,2004,65918

NGRCB,KS,2005,65853

NGRCB,KS,2006,58185

NGRCB,KS,2007,64215

NGRCB,KS,2008,72857

NGRCB,KS,2009,72465

NGRCB,KS,2010,68410

NGRCB,KS,2011,66820

NGRCB,KS,2012,51613

NGRCB,KS,2013,69254

NGRCB,KS,2014,72840

NGRCB,KS,2015,60399

NGRCB,KS,2016,55886

NGRCB,KS,2017,56299

NGRCB,KS,2018,69719

NGRCB,KS,2019,71071

NGRCB,KY,1960,65214

NGRCB,KY,1961,61004

NGRCB,KY,1962,64124

NGRCB,KY,1963,67590

NGRCB,KY,1964,68041

NGRCB,KY,1965,65889

NGRCB,KY,1966,55613

NGRCB,KY,1967,71211

NGRCB,KY,1968,77492

NGRCB,KY,1969,85659

NGRCB,KY,1970,87943

NGRCB,KY,1971,85628

NGRCB,KY,1972,87313

NGRCB,KY,1973,81741

NGRCB,KY,1974,77250

NGRCB,KY,1975,79788

NGRCB,KY,1976,97411

NGRCB,KY,1977,95684

NGRCB,KY,1978,85265

NGRCB,KY,1979,78200

NGRCB,KY,1980,74893

NGRCB,KY,1981,71516

NGRCB,KY,1982,68531

NGRCB,KY,1983,64309

NGRCB,KY,1984,68365

NGRCB,KY,1985,61891

NGRCB,KY,1986,61631

NGRCB,KY,1987,61282

NGRCB,KY,1988,66398

NGRCB,KY,1989,67626

NGRCB,KY,1990,58308

NGRCB,KY,1991,62261

NGRCB,KY,1992,65505

NGRCB,KY,1993,70123

NGRCB,KY,1994,66414

NGRCB,KY,1995,72518

NGRCB,KY,1996,73691

NGRCB,KY,1997,69354

NGRCB,KY,1998,57453

NGRCB,KY,1999,61135

NGRCB,KY,2000,67273

NGRCB,KY,2001,59070

NGRCB,KY,2002,61279

NGRCB,KY,2003,64190

NGRCB,KY,2004,58430

NGRCB,KY,2005,57755

NGRCB,KY,2006,48756

NGRCB,KY,2007,52926

NGRCB,KY,2008,56975

NGRCB,KY,2009,53712

NGRCB,KY,2010,56060

NGRCB,KY,2011,52098

NGRCB,KY,2012,44413

NGRCB,KY,2013,55545

NGRCB,KY,2014,59110

NGRCB,KY,2015,50480

NGRCB,KY,2016,46828

NGRCB,KY,2017,45244

NGRCB,KY,2018,54099

NGRCB,KY,2019,51154

NGRCB,LA,1960,57752

NGRCB,LA,1961,59146

NGRCB,LA,1962,60122

NGRCB,LA,1963,64820

NGRCB,LA,1964,74191

NGRCB,LA,1965,63612

NGRCB,LA,1966,69356

NGRCB,LA,1967,76841

NGRCB,LA,1968,78695

NGRCB,LA,1969,83961

NGRCB,LA,1970,88646

NGRCB,LA,1971,82210

NGRCB,LA,1972,84617

NGRCB,LA,1973,95359

NGRCB,LA,1974,93974

NGRCB,LA,1975,99255

NGRCB,LA,1976,98606

NGRCB,LA,1977,97666

NGRCB,LA,1978,85460

NGRCB,LA,1979,90822

NGRCB,LA,1980,75803

NGRCB,LA,1981,84373

NGRCB,LA,1982,71735

NGRCB,LA,1983,71046

NGRCB,LA,1984,72352

NGRCB,LA,1985,62996

NGRCB,LA,1986,60401

NGRCB,LA,1987,63796

NGRCB,LA,1988,62177

NGRCB,LA,1989,60155

NGRCB,LA,1990,55601

NGRCB,LA,1991,57228

NGRCB,LA,1992,57667

NGRCB,LA,1993,58649

NGRCB,LA,1994,55036

NGRCB,LA,1995,54350

NGRCB,LA,1996,59135

NGRCB,LA,1997,59818

NGRCB,LA,1998,51242

NGRCB,LA,1999,47044

NGRCB,LA,2000,52919

NGRCB,LA,2001,50174

NGRCB,LA,2002,50728

NGRCB,LA,2003,48840

NGRCB,LA,2004,44132

NGRCB,LA,2005,42972

NGRCB,LA,2006,34709

NGRCB,LA,2007,38423

NGRCB,LA,2008,38554

NGRCB,LA,2009,37562

NGRCB,LA,2010,46617

NGRCB,LA,2011,40136

NGRCB,LA,2012,32286

NGRCB,LA,2013,39491

NGRCB,LA,2014,45679

NGRCB,LA,2015,37738

NGRCB,LA,2016,32084

NGRCB,LA,2017,29680

NGRCB,LA,2018,38636

NGRCB,LA,2019,36793

NGRCB,MA,1960,46591

NGRCB,MA,1961,51364

NGRCB,MA,1962,55974

NGRCB,MA,1963,59109

NGRCB,MA,1964,62534

NGRCB,MA,1965,65695

NGRCB,MA,1966,67184

NGRCB,MA,1967,74426

NGRCB,MA,1968,75818

NGRCB,MA,1969,79392

NGRCB,MA,1970,83638

NGRCB,MA,1971,84435

NGRCB,MA,1972,87245

NGRCB,MA,1973,84942

NGRCB,MA,1974,86302

NGRCB,MA,1975,90589

NGRCB,MA,1976,95685

NGRCB,MA,1977,93880

NGRCB,MA,1978,87553

NGRCB,MA,1979,81605

NGRCB,MA,1980,95978

NGRCB,MA,1981,98286

NGRCB,MA,1982,99777

NGRCB,MA,1983,93694

NGRCB,MA,1984,99193

NGRCB,MA,1985,100139

NGRCB,MA,1986,104928

NGRCB,MA,1987,107956

NGRCB,MA,1988,111901

NGRCB,MA,1989,115745

NGRCB,MA,1990,110572

NGRCB,MA,1991,107035

NGRCB,MA,1992,124366

NGRCB,MA,1993,126147

NGRCB,MA,1994,122539

NGRCB,MA,1995,108528

NGRCB,MA,1996,117338

NGRCB,MA,1997,114486

NGRCB,MA,1998,103617

NGRCB,MA,1999,112073

NGRCB,MA,2000,119146

NGRCB,MA,2001,111474

NGRCB,MA,2002,113101

NGRCB,MA,2003,129420

NGRCB,MA,2004,115980

NGRCB,MA,2005,120356

NGRCB,MA,2006,104894

NGRCB,MA,2007,116997

NGRCB,MA,2008,134537

NGRCB,MA,2009,136952

NGRCB,MA,2010,129812

NGRCB,MA,2011,132932

NGRCB,MA,2012,119220

NGRCB,MA,2013,120685

NGRCB,MA,2014,129937

NGRCB,MA,2015,130373

NGRCB,MA,2016,115469

NGRCB,MA,2017,124802

NGRCB,MA,2018,134282

NGRCB,MA,2019,139346

NGRCB,MD,1960,47486

NGRCB,MD,1961,49610

NGRCB,MD,1962,52740

NGRCB,MD,1963,54156

NGRCB,MD,1964,56487

NGRCB,MD,1965,58101

NGRCB,MD,1966,58629

NGRCB,MD,1967,66344

NGRCB,MD,1968,67966

NGRCB,MD,1969,72603

NGRCB,MD,1970,74525

NGRCB,MD,1971,75217

NGRCB,MD,1972,76540

NGRCB,MD,1973,74376

NGRCB,MD,1974,71292

NGRCB,MD,1975,70115

NGRCB,MD,1976,74459

NGRCB,MD,1977,66208

NGRCB,MD,1978,72148

NGRCB,MD,1979,72523

NGRCB,MD,1980,69435

NGRCB,MD,1981,71406

NGRCB,MD,1982,68712

NGRCB,MD,1983,66072

NGRCB,MD,1984,74911

NGRCB,MD,1985,70730

NGRCB,MD,1986,74461

NGRCB,MD,1987,73025

NGRCB,MD,1988,77291

NGRCB,MD,1989,77519

NGRCB,MD,1990,68234

NGRCB,MD,1991,70966

NGRCB,MD,1992,77144

NGRCB,MD,1993,78985

NGRCB,MD,1994,79002

NGRCB,MD,1995,78470

NGRCB,MD,1996,88009

NGRCB,MD,1997,80118

NGRCB,MD,1998,70561

NGRCB,MD,1999,77365

NGRCB,MD,2000,86845

NGRCB,MD,2001,73338

NGRCB,MD,2002,83030

NGRCB,MD,2003,94116

NGRCB,MD,2004,89558

NGRCB,MD,2005,89880

NGRCB,MD,2006,73973

NGRCB,MD,2007,86557

NGRCB,MD,2008,84053

NGRCB,MD,2009,85667

NGRCB,MD,2010,85993

NGRCB,MD,2011,79993

NGRCB,MD,2012,73004

NGRCB,MD,2013,86953

NGRCB,MD,2014,95387

NGRCB,MD,2015,87475

NGRCB,MD,2016,79917

NGRCB,MD,2017,79376

NGRCB,MD,2018,90221

NGRCB,MD,2019,85554

NGRCB,ME,1960,0

NGRCB,ME,1961,0

NGRCB,ME,1962,0

NGRCB,ME,1963,0

NGRCB,ME,1964,0

NGRCB,ME,1965,0

NGRCB,ME,1966,346

NGRCB,ME,1967,407

NGRCB,ME,1968,367

NGRCB,ME,1969,505

NGRCB,ME,1970,531

NGRCB,ME,1971,566

NGRCB,ME,1972,611

NGRCB,ME,1973,610

NGRCB,ME,1974,624

NGRCB,ME,1975,742

NGRCB,ME,1976,813

NGRCB,ME,1977,766

NGRCB,ME,1978,783

NGRCB,ME,1979,726

NGRCB,ME,1980,568

NGRCB,ME,1981,587

NGRCB,ME,1982,600

NGRCB,ME,1983,555

NGRCB,ME,1984,557

NGRCB,ME,1985,543

NGRCB,ME,1986,559

NGRCB,ME,1987,549

NGRCB,ME,1988,583

NGRCB,ME,1989,640

NGRCB,ME,1990,651

NGRCB,ME,1991,726

NGRCB,ME,1992,884

NGRCB,ME,1993,914

NGRCB,ME,1994,906

NGRCB,ME,1995,928

NGRCB,ME,1996,982

NGRCB,ME,1997,1023

NGRCB,ME,1998,925

NGRCB,ME,1999,976

NGRCB,ME,2000,1195

NGRCB,ME,2001,1122

NGRCB,ME,2002,1099

NGRCB,ME,2003,1266

NGRCB,ME,2004,1238

NGRCB,ME,2005,1204

NGRCB,ME,2006,1038

NGRCB,ME,2007,1253

NGRCB,ME,2008,1174

NGRCB,ME,2009,1341

NGRCB,ME,2010,1282

NGRCB,ME,2011,1467

NGRCB,ME,2012,1530

NGRCB,ME,2013,1947

NGRCB,ME,2014,2434

NGRCB,ME,2015,2782

NGRCB,ME,2016,2642

NGRCB,ME,2017,2847

NGRCB,ME,2018,3192

NGRCB,ME,2019,3250

NGRCB,MI,1960,209046

NGRCB,MI,1961,225717

NGRCB,MI,1962,242690

NGRCB,MI,1963,245801

NGRCB,MI,1964,254234

NGRCB,MI,1965,274790

NGRCB,MI,1966,291715

NGRCB,MI,1967,308219

NGRCB,MI,1968,320429

NGRCB,MI,1969,338263

NGRCB,MI,1970,345133

NGRCB,MI,1971,348930

NGRCB,MI,1972,366489

NGRCB,MI,1973,353095

NGRCB,MI,1974,355312

NGRCB,MI,1975,342970

NGRCB,MI,1976,347376

NGRCB,MI,1977,305171

NGRCB,MI,1978,333735

NGRCB,MI,1979,376814

NGRCB,MI,1980,394874

NGRCB,MI,1981,371143

NGRCB,MI,1982,368906

NGRCB,MI,1983,354007

NGRCB,MI,1984,346735

NGRCB,MI,1985,348883

NGRCB,MI,1986,342885

NGRCB,MI,1987,324118

NGRCB,MI,1988,362320

NGRCB,MI,1989,379382

NGRCB,MI,1990,341919

NGRCB,MI,1991,349179

NGRCB,MI,1992,370596

NGRCB,MI,1993,382718

NGRCB,MI,1994,377458

NGRCB,MI,1995,395386

NGRCB,MI,1996,413154

NGRCB,MI,1997,395146

NGRCB,MI,1998,334743

NGRCB,MI,1999,365309

NGRCB,MI,2000,381088

NGRCB,MI,2001,354353

NGRCB,MI,2002,375477

NGRCB,MI,2003,397104

NGRCB,MI,2004,371133

NGRCB,MI,2005,363974

NGRCB,MI,2006,321453

NGRCB,MI,2007,335707

NGRCB,MI,2008,350007

NGRCB,MI,2009,334202

NGRCB,MI,2010,309303

NGRCB,MI,2011,322392

NGRCB,MI,2012,281450

NGRCB,MI,2013,341223

NGRCB,MI,2014,361293

NGRCB,MI,2015,322444

NGRCB,MI,2016,306724

NGRCB,MI,2017,312803

NGRCB,MI,2018,342460

NGRCB,MI,2019,351305

NGRCB,MN,1960,63572

NGRCB,MN,1961,69108

NGRCB,MN,1962,74408

NGRCB,MN,1963,70922

NGRCB,MN,1964,78857

NGRCB,MN,1965,86308

NGRCB,MN,1966,87255

NGRCB,MN,1967,89732

NGRCB,MN,1968,91314

NGRCB,MN,1969,96536

NGRCB,MN,1970,101968

NGRCB,MN,1971,102530

NGRCB,MN,1972,107425

NGRCB,MN,1973,102646

NGRCB,MN,1974,113216

NGRCB,MN,1975,114673

NGRCB,MN,1976,105669

NGRCB,MN,1977,100227

NGRCB,MN,1978,106511

NGRCB,MN,1979,111812

NGRCB,MN,1980,103086

NGRCB,MN,1981,95477

NGRCB,MN,1982,108207

NGRCB,MN,1983,99874

NGRCB,MN,1984,102218

NGRCB,MN,1985,107075

NGRCB,MN,1986,103200

NGRCB,MN,1987,89855

NGRCB,MN,1988,110444

NGRCB,MN,1989,117593

NGRCB,MN,1990,107372

NGRCB,MN,1991,118548

NGRCB,MN,1992,114804

NGRCB,MN,1993,124754

NGRCB,MN,1994,123590

NGRCB,MN,1995,130416

NGRCB,MN,1996,144898

NGRCB,MN,1997,131205

NGRCB,MN,1998,112520

NGRCB,MN,1999,121204

NGRCB,MN,2000,131740

NGRCB,MN,2001,126349

NGRCB,MN,2002,136168

NGRCB,MN,2003,139082

NGRCB,MN,2004,133826

NGRCB,MN,2005,130201

NGRCB,MN,2006,119109

NGRCB,MN,2007,131429

NGRCB,MN,2008,142782

NGRCB,MN,2009,137340

NGRCB,MN,2010,124219

NGRCB,MN,2011,126425

NGRCB,MN,2012,111168

NGRCB,MN,2013,143059

NGRCB,MN,2014,151404

NGRCB,MN,2015,122089

NGRCB,MN,2016,121709

NGRCB,MN,2017,127705

NGRCB,MN,2018,147880

NGRCB,MN,2019,151838

NGRCB,MO,1960,115001

NGRCB,MO,1961,119037

NGRCB,MO,1962,123526

NGRCB,MO,1963,122816

NGRCB,MO,1964,126458

NGRCB,MO,1965,132133

NGRCB,MO,1966,131803

NGRCB,MO,1967,135755

NGRCB,MO,1968,141539

NGRCB,MO,1969,154814

NGRCB,MO,1970,157667

NGRCB,MO,1971,154458

NGRCB,MO,1972,162078

NGRCB,MO,1973,153138

NGRCB,MO,1974,154267

NGRCB,MO,1975,156454

NGRCB,MO,1976,161012

NGRCB,MO,1977,154724

NGRCB,MO,1978,160007

NGRCB,MO,1979,157939

NGRCB,MO,1980,145687

NGRCB,MO,1981,130595

NGRCB,MO,1982,138424

NGRCB,MO,1983,130067

NGRCB,MO,1984,132928

NGRCB,MO,1985,130319

NGRCB,MO,1986,121907

NGRCB,MO,1987,117342

NGRCB,MO,1988,129097

NGRCB,MO,1989,130170

NGRCB,MO,1990,117213

NGRCB,MO,1991,121731

NGRCB,MO,1992,116875

NGRCB,MO,1993,134693

NGRCB,MO,1994,123305

NGRCB,MO,1995,125980

NGRCB,MO,1996,138724

NGRCB,MO,1997,128885

NGRCB,MO,1998,111956

NGRCB,MO,1999,113496

NGRCB,MO,2000,117211

NGRCB,MO,2001,116917

NGRCB,MO,2002,115601

NGRCB,MO,2003,116126

NGRCB,MO,2004,111908

NGRCB,MO,2005,108971

NGRCB,MO,2006,97343

NGRCB,MO,2007,103577

NGRCB,MO,2008,114748

NGRCB,MO,2009,106904

NGRCB,MO,2010,107960

NGRCB,MO,2011,103380

NGRCB,MO,2012,83790

NGRCB,MO,2013,107949

NGRCB,MO,2014,117054

NGRCB,MO,2015,96343

NGRCB,MO,2016,89275

NGRCB,MO,2017,87347

NGRCB,MO,2018,116461

NGRCB,MO,2019,112843

NGRCB,MS,1960,24870

NGRCB,MS,1961,23656

NGRCB,MS,1962,24682

NGRCB,MS,1963,25370

NGRCB,MS,1964,27740

NGRCB,MS,1965,24811

NGRCB,MS,1966,30395

NGRCB,MS,1967,26746

NGRCB,MS,1968,30235

NGRCB,MS,1969,30959

NGRCB,MS,1970,37558

NGRCB,MS,1971,41201

NGRCB,MS,1972,40074

NGRCB,MS,1973,32109

NGRCB,MS,1974,29518

NGRCB,MS,1975,30176

NGRCB,MS,1976,27232

NGRCB,MS,1977,26630

NGRCB,MS,1978,31131

NGRCB,MS,1979,38077

NGRCB,MS,1980,30494

NGRCB,MS,1981,29145

NGRCB,MS,1982,28360

NGRCB,MS,1983,28281

NGRCB,MS,1984,29649

NGRCB,MS,1985,26346

NGRCB,MS,1986,25821

NGRCB,MS,1987,27012

NGRCB,MS,1988,27301

NGRCB,MS,1989,27084

NGRCB,MS,1990,25863

NGRCB,MS,1991,26537

NGRCB,MS,1992,27883

NGRCB,MS,1993,29002

NGRCB,MS,1994,27925

NGRCB,MS,1995,27529

NGRCB,MS,1996,31042

NGRCB,MS,1997,28617

NGRCB,MS,1998,26139

NGRCB,MS,1999,25589

NGRCB,MS,2000,28198

NGRCB,MS,2001,28533

NGRCB,MS,2002,27410

NGRCB,MS,2003,27547

NGRCB,MS,2004,24827

NGRCB,MS,2005,25164

NGRCB,MS,2006,22005

NGRCB,MS,2007,22872

NGRCB,MS,2008,24497

NGRCB,MS,2009,23958

NGRCB,MS,2010,27683

NGRCB,MS,2011,24704

NGRCB,MS,2012,19876

NGRCB,MS,2013,25503

NGRCB,MS,2014,29052

NGRCB,MS,2015,23846

NGRCB,MS,2016,20734

NGRCB,MS,2017,19094

NGRCB,MS,2018,25056

NGRCB,MS,2019,22736

NGRCB,MT,1960,17510

NGRCB,MT,1961,17781

NGRCB,MT,1962,17773

NGRCB,MT,1963,17369

NGRCB,MT,1964,18914

NGRCB,MT,1965,19928

NGRCB,MT,1966,19710

NGRCB,MT,1967,19716

NGRCB,MT,1968,19691

NGRCB,MT,1969,21442

NGRCB,MT,1970,25587

NGRCB,MT,1971,26191

NGRCB,MT,1972,24503

NGRCB,MT,1973,25630

NGRCB,MT,1974,22021

NGRCB,MT,1975,24561

NGRCB,MT,1976,23814

NGRCB,MT,1977,21742

NGRCB,MT,1978,22913

NGRCB,MT,1979,22283

NGRCB,MT,1980,19475

NGRCB,MT,1981,17389

NGRCB,MT,1982,20188

NGRCB,MT,1983,17079

NGRCB,MT,1984,18510

NGRCB,MT,1985,19351

NGRCB,MT,1986,16788

NGRCB,MT,1987,15631

NGRCB,MT,1988,17301

NGRCB,MT,1989,18533

NGRCB,MT,1990,17300

NGRCB,MT,1991,18942

NGRCB,MT,1992,17049

NGRCB,MT,1993,20720

NGRCB,MT,1994,19158

NGRCB,MT,1995,20228

NGRCB,MT,1996,22838

NGRCB,MT,1997,21653

NGRCB,MT,1998,19669

NGRCB,MT,1999,20148

NGRCB,MT,2000,20599

NGRCB,MT,2001,20591

NGRCB,MT,2002,22167

NGRCB,MT,2003,20911

NGRCB,MT,2004,20425

NGRCB,MT,2005,20629

NGRCB,MT,2006,19781

NGRCB,MT,2007,20049

NGRCB,MT,2008,21930

NGRCB,MT,2009,22003

NGRCB,MT,2010,21124

NGRCB,MT,2011,22057

NGRCB,MT,2012,19546

NGRCB,MT,2013,21523

NGRCB,MT,2014,21922

NGRCB,MT,2015,19534

NGRCB,MT,2016,19749

NGRCB,MT,2017,22370

NGRCB,MT,2018,23593

NGRCB,MT,2019,25124

NGRCB,NC,1960,8858

NGRCB,NC,1961,9844

NGRCB,NC,1962,11917

NGRCB,NC,1963,14307

NGRCB,NC,1964,14485

NGRCB,NC,1965,15068

NGRCB,NC,1966,19010

NGRCB,NC,1967,22037

NGRCB,NC,1968,25287

NGRCB,NC,1969,28506

NGRCB,NC,1970,28009

NGRCB,NC,1971,31164

NGRCB,NC,1972,33780

NGRCB,NC,1973,29194

NGRCB,NC,1974,27499

NGRCB,NC,1975,27960

NGRCB,NC,1976,34334

NGRCB,NC,1977,32890

NGRCB,NC,1978,35801

NGRCB,NC,1979,32949

NGRCB,NC,1980,34362

NGRCB,NC,1981,33445

NGRCB,NC,1982,32630

NGRCB,NC,1983,32259

NGRCB,NC,1984,33507

NGRCB,NC,1985,29623

NGRCB,NC,1986,32747

NGRCB,NC,1987,37015

NGRCB,NC,1988,39535

NGRCB,NC,1989,39858

NGRCB,NC,1990,36126

NGRCB,NC,1991,39192

NGRCB,NC,1992,44037

NGRCB,NC,1993,48757

NGRCB,NC,1994,49161

NGRCB,NC,1995,51017

NGRCB,NC,1996,60938

NGRCB,NC,1997,54813

NGRCB,NC,1998,52866

NGRCB,NC,1999,54743

NGRCB,NC,2000,65864

NGRCB,NC,2001,59227

NGRCB,NC,2002,61063

NGRCB,NC,2003,68180

NGRCB,NC,2004,65030

NGRCB,NC,2005,66209

NGRCB,NC,2006,58471

NGRCB,NC,2007,60316

NGRCB,NC,2008,65810

NGRCB,NC,2009,67349

NGRCB,NC,2010,75829

NGRCB,NC,2011,62479

NGRCB,NC,2012,57319

NGRCB,NC,2013,70640

NGRCB,NC,2014,77048

NGRCB,NC,2015,66792

NGRCB,NC,2016,66775

NGRCB,NC,2017,62080

NGRCB,NC,2018,75414

NGRCB,NC,2019,70083

NGRCB,ND,1960,3953

NGRCB,ND,1961,4314

NGRCB,ND,1962,4863

NGRCB,ND,1963,4859

NGRCB,ND,1964,5542

NGRCB,ND,1965,6592

NGRCB,ND,1966,6736

NGRCB,ND,1967,6506

NGRCB,ND,1968,7226

NGRCB,ND,1969,7722

NGRCB,ND,1970,8440

NGRCB,ND,1971,8766

NGRCB,ND,1972,10665

NGRCB,ND,1973,8398

NGRCB,ND,1974,9574

NGRCB,ND,1975,10208

NGRCB,ND,1976,10181

NGRCB,ND,1977,10163

NGRCB,ND,1978,12417

NGRCB,ND,1979,11588

NGRCB,ND,1980,10145

NGRCB,ND,1981,9334

NGRCB,ND,1982,11216

NGRCB,ND,1983,10121

NGRCB,ND,1984,10463

NGRCB,ND,1985,10995

NGRCB,ND,1986,9753

NGRCB,ND,1987,8450

NGRCB,ND,1988,9650

NGRCB,ND,1989,10306

NGRCB,ND,1990,9477

NGRCB,ND,1991,10813

NGRCB,ND,1992,10129

NGRCB,ND,1993,11360

NGRCB,ND,1994,11279

NGRCB,ND,1995,11769

NGRCB,ND,1996,13233

NGRCB,ND,1997,11939

NGRCB,ND,1998,10475

NGRCB,ND,1999,11049

NGRCB,ND,2000,11346

NGRCB,ND,2001,10876

NGRCB,ND,2002,11760

NGRCB,ND,2003,11983

NGRCB,ND,2004,11366

NGRCB,ND,2005,11077

NGRCB,ND,2006,10069

NGRCB,ND,2007,11190

NGRCB,ND,2008,11983

NGRCB,ND,2009,12151

NGRCB,ND,2010,11115

NGRCB,ND,2011,11735

NGRCB,ND,2012,10218

NGRCB,ND,2013,12917

NGRCB,ND,2014,13574

NGRCB,ND,2015,11467

NGRCB,ND,2016,10941

NGRCB,ND,2017,11925

NGRCB,ND,2018,13710

NGRCB,ND,2019,14481

NGRCB,NE,1960,40879

NGRCB,NE,1961,41643

NGRCB,NE,1962,44669

NGRCB,NE,1963,40340

NGRCB,NE,1964,44656

NGRCB,NE,1965,47202

NGRCB,NE,1966,52692

NGRCB,NE,1967,53604

NGRCB,NE,1968,53269

NGRCB,NE,1969,55053

NGRCB,NE,1970,58761

NGRCB,NE,1971,58139

NGRCB,NE,1972,60861

NGRCB,NE,1973,51008

NGRCB,NE,1974,49760

NGRCB,NE,1975,53615

NGRCB,NE,1976,54774

NGRCB,NE,1977,52951

NGRCB,NE,1978,48210

NGRCB,NE,1979,53385

NGRCB,NE,1980,47946

NGRCB,NE,1981,42995

NGRCB,NE,1982,50404

NGRCB,NE,1983,46405

NGRCB,NE,1984,46943

NGRCB,NE,1985,45846

NGRCB,NE,1986,42023

NGRCB,NE,1987,38293

NGRCB,NE,1988,42784

NGRCB,NE,1989,44242

NGRCB,NE,1990,40828

NGRCB,NE,1991,44002

NGRCB,NE,1992,40544

NGRCB,NE,1993,47036

NGRCB,NE,1994,43720

NGRCB,NE,1995,44125

NGRCB,NE,1996,49329

NGRCB,NE,1997,46999

NGRCB,NE,1998,40886

NGRCB,NE,1999,40530

NGRCB,NE,2000,42704

NGRCB,NE,2001,47449

NGRCB,NE,2002,44190

NGRCB,NE,2003,42503

NGRCB,NE,2004,38973

NGRCB,NE,2005,38336

NGRCB,NE,2006,36342

NGRCB,NE,2007,39297

NGRCB,NE,2008,42833

NGRCB,NE,2009,40636

NGRCB,NE,2010,40293

NGRCB,NE,2011,40156

NGRCB,NE,2012,31876

NGRCB,NE,2013,42725

NGRCB,NE,2014,43923

NGRCB,NE,2015,36635

NGRCB,NE,2016,34992

NGRCB,NE,2017,36142

NGRCB,NE,2018,44923

NGRCB,NE,2019,44541

NGRCB,NH,1960,1751

NGRCB,NH,1961,1976

NGRCB,NH,1962,2225

NGRCB,NH,1963,2283

NGRCB,NH,1964,2518

NGRCB,NH,1965,2659

NGRCB,NH,1966,2384

NGRCB,NH,1967,2816

NGRCB,NH,1968,2522

NGRCB,NH,1969,3468

NGRCB,NH,1970,3710

NGRCB,NH,1971,3953

NGRCB,NH,1972,4268

NGRCB,NH,1973,4253

NGRCB,NH,1974,4354

NGRCB,NH,1975,3775

NGRCB,NH,1976,4136

NGRCB,NH,1977,3850

NGRCB,NH,1978,3974

NGRCB,NH,1979,3893

NGRCB,NH,1980,4418

NGRCB,NH,1981,4563

NGRCB,NH,1982,4617

NGRCB,NH,1983,4399

NGRCB,NH,1984,4738

NGRCB,NH,1985,4825

NGRCB,NH,1986,5240

NGRCB,NH,1987,5767

NGRCB,NH,1988,6075

NGRCB,NH,1989,6409

NGRCB,NH,1990,5986

NGRCB,NH,1991,5648

NGRCB,NH,1992,6505

NGRCB,NH,1993,6558

NGRCB,NH,1994,6656

NGRCB,NH,1995,6573

NGRCB,NH,1996,7145

NGRCB,NH,1997,7014

NGRCB,NH,1998,6336

NGRCB,NH,1999,6670

NGRCB,NH,2000,7693

NGRCB,NH,2001,7232

NGRCB,NH,2002,7269

NGRCB,NH,2003,8258

NGRCB,NH,2004,7392

NGRCB,NH,2005,7950

NGRCB,NH,2006,6846

NGRCB,NH,2007,7578

NGRCB,NH,2008,7197

NGRCB,NH,2009,7459

NGRCB,NH,2010,6955

NGRCB,NH,2011,7213

NGRCB,NH,2012,6629

NGRCB,NH,2013,7404

NGRCB,NH,2014,7994

NGRCB,NH,2015,8077

NGRCB,NH,2016,7068

NGRCB,NH,2017,7556

NGRCB,NH,2018,8391

NGRCB,NH,2019,8291

NGRCB,NJ,1960,77747

NGRCB,NJ,1961,91340

NGRCB,NJ,1962,99736

NGRCB,NJ,1963,107482

NGRCB,NJ,1964,112043

NGRCB,NJ,1965,119553

NGRCB,NJ,1966,127770

NGRCB,NJ,1967,140549

NGRCB,NJ,1968,142189

NGRCB,NJ,1969,150870

NGRCB,NJ,1970,143865

NGRCB,NJ,1971,146920

NGRCB,NJ,1972,153771

NGRCB,NJ,1973,140278

NGRCB,NJ,1974,139352

NGRCB,NJ,1975,133432

NGRCB,NJ,1976,152547

NGRCB,NJ,1977,138723

NGRCB,NJ,1978,141122

NGRCB,NJ,1979,129334

NGRCB,NJ,1980,140943

NGRCB,NJ,1981,150792

NGRCB,NJ,1982,153397

NGRCB,NJ,1983,150945

NGRCB,NJ,1984,154860

NGRCB,NJ,1985,154252

NGRCB,NJ,1986,162373

NGRCB,NJ,1987,172769

NGRCB,NJ,1988,186047

NGRCB,NJ,1989,200442

NGRCB,NJ,1990,175838

NGRCB,NJ,1991,181049

NGRCB,NJ,1992,203557

NGRCB,NJ,1993,203249

NGRCB,NJ,1994,226049

NGRCB,NJ,1995,201166

NGRCB,NJ,1996,230905

NGRCB,NJ,1997,224526

NGRCB,NJ,1998,203964

NGRCB,NJ,1999,217754

NGRCB,NJ,2000,227796

NGRCB,NJ,2001,223251

NGRCB,NJ,2002,218030

NGRCB,NJ,2003,253196

NGRCB,NJ,2004,241581

NGRCB,NJ,2005,240343

NGRCB,NJ,2006,204354

NGRCB,NJ,2007,236069

NGRCB,NJ,2008,227801

NGRCB,NJ,2009,232559

NGRCB,NJ,2010,224850

NGRCB,NJ,2011,219187

NGRCB,NJ,2012,196706

NGRCB,NJ,2013,236942

NGRCB,NJ,2014,258878

NGRCB,NJ,2015,248407

NGRCB,NJ,2016,224984

NGRCB,NJ,2017,230803

NGRCB,NJ,2018,257503

NGRCB,NJ,2019,248751

NGRCB,NM,1960,21071

NGRCB,NM,1961,23308

NGRCB,NM,1962,24345

NGRCB,NM,1963,27177

NGRCB,NM,1964,24811

NGRCB,NM,1965,26855

NGRCB,NM,1966,32631

NGRCB,NM,1967,34145

NGRCB,NM,1968,34662

NGRCB,NM,1969,30811

NGRCB,NM,1970,33325

NGRCB,NM,1971,35085

NGRCB,NM,1972,37718

NGRCB,NM,1973,25560

NGRCB,NM,1974,27183

NGRCB,NM,1975,29928

NGRCB,NM,1976,38895

NGRCB,NM,1977,27306

NGRCB,NM,1978,27447

NGRCB,NM,1979,29696

NGRCB,NM,1980,29944

NGRCB,NM,1981,25983

NGRCB,NM,1982,27796

NGRCB,NM,1983,27696

NGRCB,NM,1984,29078

NGRCB,NM,1985,23883

NGRCB,NM,1986,26021

NGRCB,NM,1987,29752

NGRCB,NM,1988,29901

NGRCB,NM,1989,27936

NGRCB,NM,1990,29733

NGRCB,NM,1991,31025

NGRCB,NM,1992,32782

NGRCB,NM,1993,33191

NGRCB,NM,1994,30859

NGRCB,NM,1995,29352

NGRCB,NM,1996,34856

NGRCB,NM,1997,37444

NGRCB,NM,1998,35119

NGRCB,NM,1999,34667

NGRCB,NM,2000,34762

NGRCB,NM,2001,33825

NGRCB,NM,2002,32570

NGRCB,NM,2003,32342

NGRCB,NM,2004,35217

NGRCB,NM,2005,34059

NGRCB,NM,2006,31086

NGRCB,NM,2007,34346

NGRCB,NM,2008,34947

NGRCB,NM,2009,33319

NGRCB,NM,2010,35982

NGRCB,NM,2011,35060

NGRCB,NM,2012,33247

NGRCB,NM,2013,37122

NGRCB,NM,2014,33484

NGRCB,NM,2015,34402

NGRCB,NM,2016,34005

NGRCB,NM,2017,31221

NGRCB,NM,2018,35637

NGRCB,NM,2019,43714

NGRCB,NV,1960,2003

NGRCB,NV,1961,1594

NGRCB,NV,1962,1531

NGRCB,NV,1963,2839

NGRCB,NV,1964,3936

NGRCB,NV,1965,4399

NGRCB,NV,1966,5328

NGRCB,NV,1967,5497

NGRCB,NV,1968,5812

NGRCB,NV,1969,6662

NGRCB,NV,1970,7857

NGRCB,NV,1971,8650

NGRCB,NV,1972,9930

NGRCB,NV,1973,9643

NGRCB,NV,1974,9991

NGRCB,NV,1975,11834

NGRCB,NV,1976,11361

NGRCB,NV,1977,11578

NGRCB,NV,1978,11812

NGRCB,NV,1979,12784

NGRCB,NV,1980,13869

NGRCB,NV,1981,14129

NGRCB,NV,1982,17118

NGRCB,NV,1983,12191

NGRCB,NV,1984,12589

NGRCB,NV,1985,13373

NGRCB,NV,1986,12965

NGRCB,NV,1987,14192

NGRCB,NV,1988,15217

NGRCB,NV,1989,17258

NGRCB,NV,1990,17685

NGRCB,NV,1991,19829

NGRCB,NV,1992,18784

NGRCB,NV,1993,21272

NGRCB,NV,1994,21853

NGRCB,NV,1995,21374

NGRCB,NV,1996,23510

NGRCB,NV,1997,25919

NGRCB,NV,1998,31466

NGRCB,NV,1999,29359

NGRCB,NV,2000,30839

NGRCB,NV,2001,33369

NGRCB,NV,2002,33026

NGRCB,NV,2003,34009

NGRCB,NV,2004,37713

NGRCB,NV,2005,37981

NGRCB,NV,2006,39356

NGRCB,NV,2007,39473

NGRCB,NV,2008,39956

NGRCB,NV,2009,39885

NGRCB,NV,2010,40845

NGRCB,NV,2011,41578

NGRCB,NV,2012,38411

NGRCB,NV,2013,43115

NGRCB,NV,2014,36304

NGRCB,NV,2015,38501

NGRCB,NV,2016,40678

NGRCB,NV,2017,42534

NGRCB,NV,2018,43354

NGRCB,NV,2019,49909

NGRCB,NY,1960,232462

NGRCB,NY,1961,247992

NGRCB,NY,1962,263508

NGRCB,NY,1963,271381

NGRCB,NY,1964,276873

NGRCB,NY,1965,295031

NGRCB,NY,1966,331486

NGRCB,NY,1967,320870

NGRCB,NY,1968,325987

NGRCB,NY,1969,338284

NGRCB,NY,1970,353810

NGRCB,NY,1971,359479

NGRCB,NY,1972,370648

NGRCB,NY,1973,352924

NGRCB,NY,1974,348787

NGRCB,NY,1975,332216

NGRCB,NY,1976,344674

NGRCB,NY,1977,329146

NGRCB,NY,1978,334893

NGRCB,NY,1979,317250

NGRCB,NY,1980,341505

NGRCB,NY,1981,342711

NGRCB,NY,1982,350329

NGRCB,NY,1983,330342

NGRCB,NY,1984,345806

NGRCB,NY,1985,328792

NGRCB,NY,1986,345948

NGRCB,NY,1987,344450

NGRCB,NY,1988,367456

NGRCB,NY,1989,374888

NGRCB,NY,1990,347891

NGRCB,NY,1991,348100

NGRCB,NY,1992,389777

NGRCB,NY,1993,395439

NGRCB,NY,1994,396303

NGRCB,NY,1995,386660

NGRCB,NY,1996,414148

NGRCB,NY,1997,385799

NGRCB,NY,1998,349548

NGRCB,NY,1999,381258

NGRCB,NY,2000,413147

NGRCB,NY,2001,388767

NGRCB,NY,2002,378814

NGRCB,NY,2003,421029

NGRCB,NY,2004,403479

NGRCB,NY,2005,416890

NGRCB,NY,2006,364281

NGRCB,NY,2007,409857

NGRCB,NY,2008,402734

NGRCB,NY,2009,413629

NGRCB,NY,2010,399660

NGRCB,NY,2011,404324

NGRCB,NY,2012,369245

NGRCB,NY,2013,430809

NGRCB,NY,2014,473621

NGRCB,NY,2015,466993

NGRCB,NY,2016,425563

NGRCB,NY,2017,446633

NGRCB,NY,2018,501614

NGRCB,NY,2019,488901

NGRCB,OH,1960,374503

NGRCB,OH,1961,387117

NGRCB,OH,1962,404076

NGRCB,OH,1963,416429

NGRCB,OH,1964,415280

NGRCB,OH,1965,425621

NGRCB,OH,1966,448396

NGRCB,OH,1967,456958

NGRCB,OH,1968,458758

NGRCB,OH,1969,470563

NGRCB,OH,1970,470551

NGRCB,OH,1971,471419

NGRCB,OH,1972,489835

NGRCB,OH,1973,450693

NGRCB,OH,1974,447654

NGRCB,OH,1975,438097

NGRCB,OH,1976,451661

NGRCB,OH,1977,412101

NGRCB,OH,1978,426826

NGRCB,OH,1979,383316

NGRCB,OH,1980,400083

NGRCB,OH,1981,385819

NGRCB,OH,1982,380158

NGRCB,OH,1983,340865

NGRCB,OH,1984,363264

NGRCB,OH,1985,342015

NGRCB,OH,1986,342362

NGRCB,OH,1987,341185

NGRCB,OH,1988,364647

NGRCB,OH,1989,374243

NGRCB,OH,1990,320670

NGRCB,OH,1991,335928

NGRCB,OH,1992,352897

NGRCB,OH,1993,367580

NGRCB,OH,1994,356048

NGRCB,OH,1995,371392

NGRCB,OH,1996,389086

NGRCB,OH,1997,370533

NGRCB,OH,1998,308493

NGRCB,OH,1999,330058

NGRCB,OH,2000,358454

NGRCB,OH,2001,321588

NGRCB,OH,2002,333649

NGRCB,OH,2003,355407

NGRCB,OH,2004,335375

NGRCB,OH,2005,336731

NGRCB,OH,2006,282950

NGRCB,OH,2007,310730

NGRCB,OH,2008,318851

NGRCB,OH,2009,304547

NGRCB,OH,2010,293468

NGRCB,OH,2011,295097

NGRCB,OH,2012,259358

NGRCB,OH,2013,308500

NGRCB,OH,2014,339908

NGRCB,OH,2015,305352

NGRCB,OH,2016,274895

NGRCB,OH,2017,277612

NGRCB,OH,2018,321297

NGRCB,OH,2019,309460

NGRCB,OK,1960,61894

NGRCB,OK,1961,65120

NGRCB,OK,1962,65172

NGRCB,OK,1963,64266

NGRCB,OK,1964,69192

NGRCB,OK,1965,66534

NGRCB,OK,1966,68721

NGRCB,OK,1967,69012

NGRCB,OK,1968,76502

NGRCB,OK,1969,77042

NGRCB,OK,1970,79939

NGRCB,OK,1971,77646

NGRCB,OK,1972,79052

NGRCB,OK,1973,74447

NGRCB,OK,1974,74744

NGRCB,OK,1975,79617

NGRCB,OK,1976,81454

NGRCB,OK,1977,87895

NGRCB,OK,1978,84389

NGRCB,OK,1979,85748

NGRCB,OK,1980,76751

NGRCB,OK,1981,71595

NGRCB,OK,1982,80352

NGRCB,OK,1983,82137

NGRCB,OK,1984,82771

NGRCB,OK,1985,77611

NGRCB,OK,1986,68162

NGRCB,OK,1987,66149

NGRCB,OK,1988,74674

NGRCB,OK,1989,73372

NGRCB,OK,1990,66998

NGRCB,OK,1991,70112

NGRCB,OK,1992,67205

NGRCB,OK,1993,80009

NGRCB,OK,1994,71002

NGRCB,OK,1995,69706

NGRCB,OK,1996,78360

NGRCB,OK,1997,72183

NGRCB,OK,1998,66964

NGRCB,OK,1999,62882

NGRCB,OK,2000,67406

NGRCB,OK,2001,66330

NGRCB,OK,2002,69149

NGRCB,OK,2003,67674

NGRCB,OK,2004,61281

NGRCB,OK,2005,61145

NGRCB,OK,2006,54493

NGRCB,OK,2007,61616

NGRCB,OK,2008,68531

NGRCB,OK,2009,64331

NGRCB,OK,2010,67438

NGRCB,OK,2011,63194

NGRCB,OK,2012,50645

NGRCB,OK,2013,68448

NGRCB,OK,2014,71692

NGRCB,OK,2015,62142

NGRCB,OK,2016,53010

NGRCB,OK,2017,53248

NGRCB,OK,2018,69555

NGRCB,OK,2019,70037

NGRCB,OR,1960,7025

NGRCB,OR,1961,7336

NGRCB,OR,1962,8256

NGRCB,OR,1963,9793

NGRCB,OR,1964,11999

NGRCB,OR,1965,11623

NGRCB,OR,1966,13540

NGRCB,OR,1967,14219

NGRCB,OR,1968,15943

NGRCB,OR,1969,21614

NGRCB,OR,1970,20630

NGRCB,OR,1971,22172

NGRCB,OR,1972,24381

NGRCB,OR,1973,23601

NGRCB,OR,1974,22864

NGRCB,OR,1975,29870

NGRCB,OR,1976,21795

NGRCB,OR,1977,10517

NGRCB,OR,1978,18371

NGRCB,OR,1979,19714

NGRCB,OR,1980,19239

NGRCB,OR,1981,17918

NGRCB,OR,1982,19536

NGRCB,OR,1983,17467

NGRCB,OR,1984,20197

NGRCB,OR,1985,22122

NGRCB,OR,1986,19477

NGRCB,OR,1987,19275

NGRCB,OR,1988,21298

NGRCB,OR,1989,23316

NGRCB,OR,1990,23914

NGRCB,OR,1991,27133

NGRCB,OR,1992,23992

NGRCB,OR,1993,30985

NGRCB,OR,1994,30185

NGRCB,OR,1995,29316

NGRCB,OR,1996,34684

NGRCB,OR,1997,34164

NGRCB,OR,1998,36137

NGRCB,OR,1999,40889

NGRCB,OR,2000,39907

NGRCB,OR,2001,39377

NGRCB,OR,2002,39844

NGRCB,OR,2003,37563

NGRCB,OR,2004,38860

NGRCB,OR,2005,41241

NGRCB,OR,2006,42512

NGRCB,OR,2007,44289

NGRCB,OR,2008,46175

NGRCB,OR,2009,45964

NGRCB,OR,2010,41143

NGRCB,OR,2011,47640

NGRCB,OR,2012,44304

NGRCB,OR,2013,46657

NGRCB,OR,2014,42358

NGRCB,OR,2015,39040

NGRCB,OR,2016,42202

NGRCB,OR,2017,51190

NGRCB,OR,2018,45524

NGRCB,OR,2019,50478

NGRCB,PA,1960,240168

NGRCB,PA,1961,245581

NGRCB,PA,1962,253593

NGRCB,PA,1963,260251

NGRCB,PA,1964,261525

NGRCB,PA,1965,265322

NGRCB,PA,1966,285121

NGRCB,PA,1967,289331

NGRCB,PA,1968,295415

NGRCB,PA,1969,304763

NGRCB,PA,1970,306824

NGRCB,PA,1971,314370

NGRCB,PA,1972,315585

NGRCB,PA,1973,303071

NGRCB,PA,1974,278383

NGRCB,PA,1975,279463

NGRCB,PA,1976,297706

NGRCB,PA,1977,283167

NGRCB,PA,1978,292318

NGRCB,PA,1979,294538

NGRCB,PA,1980,294672

NGRCB,PA,1981,292085

NGRCB,PA,1982,280072

NGRCB,PA,1983,259614

NGRCB,PA,1984,274328

NGRCB,PA,1985,253237

NGRCB,PA,1986,264041

NGRCB,PA,1987,260222

NGRCB,PA,1988,277687

NGRCB,PA,1989,281740

NGRCB,PA,1990,249467

NGRCB,PA,1991,251240

NGRCB,PA,1992,276155

NGRCB,PA,1993,278962

NGRCB,PA,1994,278083

NGRCB,PA,1995,271374

NGRCB,PA,1996,288099

NGRCB,PA,1997,271747

NGRCB,PA,1998,225846

NGRCB,PA,1999,250156

NGRCB,PA,2000,271994

NGRCB,PA,2001,251928

NGRCB,PA,2002,248143

NGRCB,PA,2003,275637

NGRCB,PA,2004,257511

NGRCB,PA,2005,255038

NGRCB,PA,2006,213774

NGRCB,PA,2007,240231

NGRCB,PA,2008,238193

NGRCB,PA,2009,236782

NGRCB,PA,2010,231854

NGRCB,PA,2011,228119

NGRCB,PA,2012,205991

NGRCB,PA,2013,243491

NGRCB,PA,2014,267748

NGRCB,PA,2015,247059

NGRCB,PA,2016,224764

NGRCB,PA,2017,228190

NGRCB,PA,2018,262667

NGRCB,PA,2019,245942

NGRCB,RI,1960,6946

NGRCB,RI,1961,7552

NGRCB,RI,1962,8138

NGRCB,RI,1963,8561

NGRCB,RI,1964,8958

NGRCB,RI,1965,9342

NGRCB,RI,1966,9701

NGRCB,RI,1967,10774

NGRCB,RI,1968,11050

NGRCB,RI,1969,11852

NGRCB,RI,1970,12191

NGRCB,RI,1971,12415

NGRCB,RI,1972,13571

NGRCB,RI,1973,11599

NGRCB,RI,1974,13085

NGRCB,RI,1975,13225

NGRCB,RI,1976,12478

NGRCB,RI,1977,13690

NGRCB,RI,1978,13785

NGRCB,RI,1979,13546

NGRCB,RI,1980,14252

NGRCB,RI,1981,14741

NGRCB,RI,1982,15364

NGRCB,RI,1983,14224

NGRCB,RI,1984,15492

NGRCB,RI,1985,15485

NGRCB,RI,1986,16567

NGRCB,RI,1987,17202

NGRCB,RI,1988,18155

NGRCB,RI,1989,18769

NGRCB,RI,1990,18198

NGRCB,RI,1991,17836

NGRCB,RI,1992,20333

NGRCB,RI,1993,20293

NGRCB,RI,1994,17972

NGRCB,RI,1995,17840

NGRCB,RI,1996,20718

NGRCB,RI,1997,18814

NGRCB,RI,1998,16907

NGRCB,RI,1999,17105

NGRCB,RI,2000,19530

NGRCB,RI,2001,18464

NGRCB,RI,2002,18075

NGRCB,RI,2003,20703

NGRCB,RI,2004,19995

NGRCB,RI,2005,19482

NGRCB,RI,2006,17158

NGRCB,RI,2007,18142

NGRCB,RI,2008,18122

NGRCB,RI,2009,18343

NGRCB,RI,2010,17332

NGRCB,RI,2011,17267

NGRCB,RI,2012,16364

NGRCB,RI,2013,18789

NGRCB,RI,2014,20287

NGRCB,RI,2015,20606

NGRCB,RI,2016,17732

NGRCB,RI,2017,18983

NGRCB,RI,2018,21136

NGRCB,RI,2019,20479

NGRCB,SC,1960,7086

NGRCB,SC,1961,8015

NGRCB,SC,1962,9488

NGRCB,SC,1963,10703

NGRCB,SC,1964,12075

NGRCB,SC,1965,12436

NGRCB,SC,1966,12137

NGRCB,SC,1967,14325

NGRCB,SC,1968,17359

NGRCB,SC,1969,18816

NGRCB,SC,1970,19460

NGRCB,SC,1971,20156

NGRCB,SC,1972,21188

NGRCB,SC,1973,23332

NGRCB,SC,1974,20881

NGRCB,SC,1975,18638

NGRCB,SC,1976,33991

NGRCB,SC,1977,32573

NGRCB,SC,1978,29096

NGRCB,SC,1979,17948

NGRCB,SC,1980,19491

NGRCB,SC,1981,19417

NGRCB,SC,1982,18075

NGRCB,SC,1983,19247

NGRCB,SC,1984,19746

NGRCB,SC,1985,16894

NGRCB,SC,1986,17965

NGRCB,SC,1987,20766

NGRCB,SC,1988,21349

NGRCB,SC,1989,21006

NGRCB,SC,1990,18915

NGRCB,SC,1991,20144

NGRCB,SC,1992,22998

NGRCB,SC,1993,25053

NGRCB,SC,1994,24218

NGRCB,SC,1995,25847

NGRCB,SC,1996,30291

NGRCB,SC,1997,26544

NGRCB,SC,1998,26299

NGRCB,SC,1999,26412

NGRCB,SC,2000,29885

NGRCB,SC,2001,28532

NGRCB,SC,2002,28531

NGRCB,SC,2003,30228

NGRCB,SC,2004,30349

NGRCB,SC,2005,29614

NGRCB,SC,2006,25870

NGRCB,SC,2007,26075

NGRCB,SC,2008,28002

NGRCB,SC,2009,28011

NGRCB,SC,2010,33165

NGRCB,SC,2011,27428

NGRCB,SC,2012,23280

NGRCB,SC,2013,29158

NGRCB,SC,2014,32652

NGRCB,SC,2015,29277

NGRCB,SC,2016,28430

NGRCB,SC,2017,26363

NGRCB,SC,2018,32821

NGRCB,SC,2019,29663

NGRCB,SD,1960,7932

NGRCB,SD,1961,8176

NGRCB,SD,1962,8855

NGRCB,SD,1963,8364

NGRCB,SD,1964,9274

NGRCB,SD,1965,10065

NGRCB,SD,1966,9813

NGRCB,SD,1967,9950

NGRCB,SD,1968,10354

NGRCB,SD,1969,12971

NGRCB,SD,1970,13839

NGRCB,SD,1971,12486

NGRCB,SD,1972,13239

NGRCB,SD,1973,11219

NGRCB,SD,1974,11327

NGRCB,SD,1975,11969

NGRCB,SD,1976,14497

NGRCB,SD,1977,14142

NGRCB,SD,1978,14863

NGRCB,SD,1979,11779

NGRCB,SD,1980,10538

NGRCB,SD,1981,9778

NGRCB,SD,1982,11573

NGRCB,SD,1983,10765

NGRCB,SD,1984,11115

NGRCB,SD,1985,11471

NGRCB,SD,1986,10610

NGRCB,SD,1987,9409

NGRCB,SD,1988,10901

NGRCB,SD,1989,11535

NGRCB,SD,1990,10366

NGRCB,SD,1991,11421

NGRCB,SD,1992,10953

NGRCB,SD,1993,12592

NGRCB,SD,1994,12177

NGRCB,SD,1995,12785

NGRCB,SD,1996,14281

NGRCB,SD,1997,13440

NGRCB,SD,1998,11749

NGRCB,SD,1999,11825

NGRCB,SD,2000,12651

NGRCB,SD,2001,12276

NGRCB,SD,2002,12892

NGRCB,SD,2003,13217

NGRCB,SD,2004,12315

NGRCB,SD,2005,12296

NGRCB,SD,2006,11546

NGRCB,SD,2007,12432

NGRCB,SD,2008,13605

NGRCB,SD,2009,13624

NGRCB,SD,2010,12878

NGRCB,SD,2011,13027

NGRCB,SD,2012,10933

NGRCB,SD,2013,14352

NGRCB,SD,2014,14797

NGRCB,SD,2015,12383

NGRCB,SD,2016,12312

NGRCB,SD,2017,12808

NGRCB,SD,2018,15234

NGRCB,SD,2019,16048

NGRCB,TN,1960,35054

NGRCB,TN,1961,35112

NGRCB,TN,1962,36764

NGRCB,TN,1963,42753

NGRCB,TN,1964,38434

NGRCB,TN,1965,38868

NGRCB,TN,1966,42669

NGRCB,TN,1967,43409

NGRCB,TN,1968,45492

NGRCB,TN,1969,47166

NGRCB,TN,1970,47596

NGRCB,TN,1971,48026

NGRCB,TN,1972,54869

NGRCB,TN,1973,46940

NGRCB,TN,1974,44458

NGRCB,TN,1975,45385

NGRCB,TN,1976,45018

NGRCB,TN,1977,44879

NGRCB,TN,1978,40922

NGRCB,TN,1979,46607

NGRCB,TN,1980,45612

NGRCB,TN,1981,42527

NGRCB,TN,1982,43032

NGRCB,TN,1983,41530

NGRCB,TN,1984,45102

NGRCB,TN,1985,40775

NGRCB,TN,1986,41528

NGRCB,TN,1987,44874

NGRCB,TN,1988,49146

NGRCB,TN,1989,50771

NGRCB,TN,1990,47963

NGRCB,TN,1991,50986

NGRCB,TN,1992,53839

NGRCB,TN,1993,60985

NGRCB,TN,1994,59170

NGRCB,TN,1995,61859

NGRCB,TN,1996,72679

NGRCB,TN,1997,66123

NGRCB,TN,1998,61179

NGRCB,TN,1999,62201

NGRCB,TN,2000,70966

NGRCB,TN,2001,70569

NGRCB,TN,2002,71554

NGRCB,TN,2003,72050

NGRCB,TN,2004,67491

NGRCB,TN,2005,68616

NGRCB,TN,2006,63356

NGRCB,TN,2007,63069

NGRCB,TN,2008,71753

NGRCB,TN,2009,67961

NGRCB,TN,2010,76044

NGRCB,TN,2011,68196

NGRCB,TN,2012,54628

NGRCB,TN,2013,72595

NGRCB,TN,2014,80605

NGRCB,TN,2015,69704

NGRCB,TN,2016,61201

NGRCB,TN,2017,58910

NGRCB,TN,2018,77947

NGRCB,TN,2019,71609

NGRCB,TX,1960,177678

NGRCB,TX,1961,172005

NGRCB,TX,1962,203308

NGRCB,TX,1963,205599

NGRCB,TX,1964,199465

NGRCB,TX,1965,189346

NGRCB,TX,1966,204798

NGRCB,TX,1967,210269

NGRCB,TX,1968,219810

NGRCB,TX,1969,229116

NGRCB,TX,1970,238458

NGRCB,TX,1971,243796

NGRCB,TX,1972,247653

NGRCB,TX,1973,248727

NGRCB,TX,1974,229657

NGRCB,TX,1975,239211

NGRCB,TX,1976,242404

NGRCB,TX,1977,277404

NGRCB,TX,1978,281836

NGRCB,TX,1979,325187

NGRCB,TX,1980,231735

NGRCB,TX,1981,215960

NGRCB,TX,1982,228332

NGRCB,TX,1983,221321

NGRCB,TX,1984,239408

NGRCB,TX,1985,220990

NGRCB,TX,1986,202904

NGRCB,TX,1987,219606

NGRCB,TX,1988,218376

NGRCB,TX,1989,239195

NGRCB,TX,1990,219535

NGRCB,TX,1991,231096

NGRCB,TX,1992,225431

NGRCB,TX,1993,238378

NGRCB,TX,1994,222559

NGRCB,TX,1995,215150

NGRCB,TX,1996,237724

NGRCB,TX,1997,242059

NGRCB,TX,1998,209377

NGRCB,TX,1999,182537

NGRCB,TX,2000,200025

NGRCB,TX,2001,213389

NGRCB,TX,2002,216915

NGRCB,TX,2003,212686

NGRCB,TX,2004,197423

NGRCB,TX,2005,190300

NGRCB,TX,2006,170587

NGRCB,TX,2007,205049

NGRCB,TX,2008,197875

NGRCB,TX,2009,196905

NGRCB,TX,2010,233911

NGRCB,TX,2011,205559

NGRCB,TX,2012,174830

NGRCB,TX,2013,212250

NGRCB,TX,2014,242475

NGRCB,TX,2015,218847

NGRCB,TX,2016,180599

NGRCB,TX,2017,168814

NGRCB,TX,2018,233426

NGRCB,TX,2019,234074

NGRCB,US,1960,3211778

NGRCB,US,1961,3362278

NGRCB,US,1962,3600313

NGRCB,US,1963,3695298

NGRCB,US,1964,3899561

NGRCB,US,1965,4019289

NGRCB,US,1966,4260480

NGRCB,US,1967,4439768

NGRCB,US,1968,4578382

NGRCB,US,1969,4864353

NGRCB,US,1970,4952555

NGRCB,US,1971,5092382

NGRCB,US,1972,5256905

NGRCB,US,1973,5000504

NGRCB,US,1974,4898047

NGRCB,US,1975,5024138

NGRCB,US,1976,5148694

NGRCB,US,1977,4914366

NGRCB,US,1978,4986933

NGRCB,US,1979,5052424

NGRCB,US,1980,4855372

NGRCB,US,1981,4652074

NGRCB,US,1982,4750724

NGRCB,US,1983,4514524

NGRCB,US,1984,4684963

NGRCB,US,1985,4566059

NGRCB,US,1986,4432331

NGRCB,US,1987,4435733

NGRCB,US,1988,4757443

NGRCB,US,1989,4926458

NGRCB,US,1990,4519056

NGRCB,US,1991,4683709

NGRCB,US,1992,4819689

NGRCB,US,1993,5097770

NGRCB,US,1994,4981010

NGRCB,US,1995,4983520

NGRCB,US,1996,5390535

NGRCB,US,1997,5124955

NGRCB,US,1998,4671034

NGRCB,US,1999,4856823

NGRCB,US,2000,5104047

NGRCB,US,2001,4901935

NGRCB,US,2002,5006146

NGRCB,US,2003,5223765

NGRCB,US,2004,4992951

NGRCB,US,2005,4957655

NGRCB,US,2006,4482650

NGRCB,US,2007,4848708

NGRCB,US,2008,5017569

NGRCB,US,2009,4899378

NGRCB,US,2010,4887375

NGRCB,US,2011,4817368

NGRCB,US,2012,4252794

NGRCB,US,2013,5037081

NGRCB,US,2014,5257900

NGRCB,US,2015,4794495

NGRCB,US,2016,4525157

NGRCB,US,2017,4592899

NGRCB,US,2018,5201731

NGRCB,US,2019,5229448

NGRCB,UT,1960,23398

NGRCB,UT,1961,25571

NGRCB,UT,1962,29031

NGRCB,UT,1963,26990

NGRCB,UT,1964,30338

NGRCB,UT,1965,28365

NGRCB,UT,1966,33307

NGRCB,UT,1967,35976

NGRCB,UT,1968,37721

NGRCB,UT,1969,40652

NGRCB,UT,1970,41870

NGRCB,UT,1971,46758

NGRCB,UT,1972,45823

NGRCB,UT,1973,45975

NGRCB,UT,1974,47941

NGRCB,UT,1975,56763

NGRCB,UT,1976,62958

NGRCB,UT,1977,33789

NGRCB,UT,1978,45707

NGRCB,UT,1979,58021

NGRCB,UT,1980,62949

NGRCB,UT,1981,59030

NGRCB,UT,1982,43152

NGRCB,UT,1983,59144

NGRCB,UT,1984,58743

NGRCB,UT,1985,63132

NGRCB,UT,1986,54639

NGRCB,UT,1987,44859

NGRCB,UT,1988,45663

NGRCB,UT,1989,49112

NGRCB,UT,1990,47266

NGRCB,UT,1991,54300

NGRCB,UT,1992,48232

NGRCB,UT,1993,55992

NGRCB,UT,1994,52289

NGRCB,UT,1995,52101

NGRCB,UT,1996,56659

NGRCB,UT,1997,60572

NGRCB,UT,1998,59479

NGRCB,UT,1999,58571

NGRCB,UT,2000,58488

NGRCB,UT,2001,57901

NGRCB,UT,2002,62972

NGRCB,UT,2003,58286

NGRCB,UT,2004,63940

NGRCB,UT,2005,61162

NGRCB,UT,2006,63445

NGRCB,UT,2007,63944

NGRCB,UT,2008,70088

NGRCB,UT,2009,68221

NGRCB,UT,2010,69191

NGRCB,UT,2011,72827

NGRCB,UT,2012,62511

NGRCB,UT,2013,73988

NGRCB,UT,2014,65270

NGRCB,UT,2015,61290

NGRCB,UT,2016,66810

NGRCB,UT,2017,69592

NGRCB,UT,2018,70265

NGRCB,UT,2019,79528

NGRCB,VA,1960,27851

NGRCB,VA,1961,29498

NGRCB,VA,1962,32335

NGRCB,VA,1963,34532

NGRCB,VA,1964,35534

NGRCB,VA,1965,37433

NGRCB,VA,1966,41923

NGRCB,VA,1967,42740

NGRCB,VA,1968,44933

NGRCB,VA,1969,48110

NGRCB,VA,1970,50842

NGRCB,VA,1971,50775

NGRCB,VA,1972,56804

NGRCB,VA,1973,52859

NGRCB,VA,1974,49198

NGRCB,VA,1975,49714

NGRCB,VA,1976,53474

NGRCB,VA,1977,49993

NGRCB,VA,1978,55299

NGRCB,VA,1979,51980

NGRCB,VA,1980,55631

NGRCB,VA,1981,52167

NGRCB,VA,1982,49503

NGRCB,VA,1983,48720

NGRCB,VA,1984,53285

NGRCB,VA,1985,50653

NGRCB,VA,1986,53574

NGRCB,VA,1987,57638

NGRCB,VA,1988,60934

NGRCB,VA,1989,64244

NGRCB,VA,1990,53632

NGRCB,VA,1991,56504

NGRCB,VA,1992,64883

NGRCB,VA,1993,68525

NGRCB,VA,1994,67746

NGRCB,VA,1995,70823

NGRCB,VA,1996,79208

NGRCB,VA,1997,77138

NGRCB,VA,1998,65955

NGRCB,VA,1999,71799

NGRCB,VA,2000,82460

NGRCB,VA,2001,72928

NGRCB,VA,2002,78157

NGRCB,VA,2003,88513

NGRCB,VA,2004,85292

NGRCB,VA,2005,88962

NGRCB,VA,2006,74224

NGRCB,VA,2007,83963

NGRCB,VA,2008,82700

NGRCB,VA,2009,87426

NGRCB,VA,2010,90406

NGRCB,VA,2011,81379

NGRCB,VA,2012,72906

NGRCB,VA,2013,88862

NGRCB,VA,2014,97426

NGRCB,VA,2015,89558

NGRCB,VA,2016,81054

NGRCB,VA,2017,81148

NGRCB,VA,2018,94171

NGRCB,VA,2019,86516

NGRCB,VT,1960,0

NGRCB,VT,1961,0

NGRCB,VT,1962,0

NGRCB,VT,1963,0

NGRCB,VT,1964,0

NGRCB,VT,1965,0

NGRCB,VT,1966,681

NGRCB,VT,1967,800

NGRCB,VT,1968,718

NGRCB,VT,1969,1014

NGRCB,VT,1970,1055

NGRCB,VT,1971,1125

NGRCB,VT,1972,1216

NGRCB,VT,1973,1213

NGRCB,VT,1974,1248

NGRCB,VT,1975,1126

NGRCB,VT,1976,1232

NGRCB,VT,1977,1159

NGRCB,VT,1978,1189

NGRCB,VT,1979,1131

NGRCB,VT,1980,1287

NGRCB,VT,1981,1281

NGRCB,VT,1982,1269

NGRCB,VT,1983,1241

NGRCB,VT,1984,1341

NGRCB,VT,1985,1444

NGRCB,VT,1986,1574

NGRCB,VT,1987,1641

NGRCB,VT,1988,1849

NGRCB,VT,1989,2095

NGRCB,VT,1990,2112

NGRCB,VT,1991,2177

NGRCB,VT,1992,2510

NGRCB,VT,1993,2525

NGRCB,VT,1994,2428

NGRCB,VT,1995,2290

NGRCB,VT,1996,2561

NGRCB,VT,1997,2662

NGRCB,VT,1998,2484

NGRCB,VT,1999,2595

NGRCB,VT,2000,2877

NGRCB,VT,2001,2752

NGRCB,VT,2002,2772

NGRCB,VT,2003,3137

NGRCB,VT,2004,3124

NGRCB,VT,2005,3102

NGRCB,VT,2006,2877

NGRCB,VT,2007,3210

NGRCB,VT,2008,3090

NGRCB,VT,2009,3199

NGRCB,VT,2010,3100

NGRCB,VT,2011,3240

NGRCB,VT,2012,3048

NGRCB,VT,2013,3466

NGRCB,VT,2014,3891

NGRCB,VT,2015,3929

NGRCB,VT,2016,3602

NGRCB,VT,2017,3614

NGRCB,VT,2018,4220

NGRCB,VT,2019,4288

NGRCB,WA,1960,8281

NGRCB,WA,1961,8798

NGRCB,WA,1962,10283

NGRCB,WA,1963,13529

NGRCB,WA,1964,18602

NGRCB,WA,1965,18689

NGRCB,WA,1966,21861

NGRCB,WA,1967,24619

NGRCB,WA,1968,27975

NGRCB,WA,1969,32369

NGRCB,WA,1970,33685

NGRCB,WA,1971,35800

NGRCB,WA,1972,40756

NGRCB,WA,1973,38328

NGRCB,WA,1974,37195

NGRCB,WA,1975,35792

NGRCB,WA,1976,33674

NGRCB,WA,1977,31907

NGRCB,WA,1978,28743

NGRCB,WA,1979,34398

NGRCB,WA,1980,31285

NGRCB,WA,1981,28191

NGRCB,WA,1982,30688

NGRCB,WA,1983,27116

NGRCB,WA,1984,30558

NGRCB,WA,1985,34320

NGRCB,WA,1986,31093

NGRCB,WA,1987,30782

NGRCB,WA,1988,35888

NGRCB,WA,1989,39596

NGRCB,WA,1990,41556

NGRCB,WA,1991,47656

NGRCB,WA,1992,44471

NGRCB,WA,1993,55294

NGRCB,WA,1994,55426

NGRCB,WA,1995,54988

NGRCB,WA,1996,65107

NGRCB,WA,1997,64828

NGRCB,WA,1998,64826

NGRCB,WA,1999,75553

NGRCB,WA,2000,74824

NGRCB,WA,2001,87354

NGRCB,WA,2002,75519

NGRCB,WA,2003,72983

NGRCB,WA,2004,72909

NGRCB,WA,2005,75802

NGRCB,WA,2006,77752

NGRCB,WA,2007,82188

NGRCB,WA,2008,87054

NGRCB,WA,2009,86682

NGRCB,WA,2010,78028

NGRCB,WA,2011,87884

NGRCB,WA,2012,82237

NGRCB,WA,2013,86129

NGRCB,WA,2014,82249

NGRCB,WA,2015,76475

NGRCB,WA,2016,82329

NGRCB,WA,2017,98296

NGRCB,WA,2018,90806

NGRCB,WA,2019,97618

NGRCB,WI,1960,49078

NGRCB,WI,1961,53942

NGRCB,WI,1962,60855

NGRCB,WI,1963,65371

NGRCB,WI,1964,69969

NGRCB,WI,1965,80872

NGRCB,WI,1966,85659

NGRCB,WI,1967,93087

NGRCB,WI,1968,95761

NGRCB,WI,1969,103652

NGRCB,WI,1970,107207

NGRCB,WI,1971,111843

NGRCB,WI,1972,106626

NGRCB,WI,1973,112182

NGRCB,WI,1974,118059

NGRCB,WI,1975,122408

NGRCB,WI,1976,124888

NGRCB,WI,1977,121084

NGRCB,WI,1978,130480

NGRCB,WI,1979,126303

NGRCB,WI,1980,124224

NGRCB,WI,1981,112413

NGRCB,WI,1982,119563

NGRCB,WI,1983,113350

NGRCB,WI,1984,113867

NGRCB,WI,1985,117350

NGRCB,WI,1986,111893

NGRCB,WI,1987,103993

NGRCB,WI,1988,122312

NGRCB,WI,1989,127636

NGRCB,WI,1990,114724

NGRCB,WI,1991,124940

NGRCB,WI,1992,124512

NGRCB,WI,1993,131562

NGRCB,WI,1994,129707

NGRCB,WI,1995,137493

NGRCB,WI,1996,149809

NGRCB,WI,1997,137281

NGRCB,WI,1998,117204

NGRCB,WI,1999,129102

NGRCB,WI,2000,136432

NGRCB,WI,2001,126344

NGRCB,WI,2002,138443

NGRCB,WI,2003,143403

NGRCB,WI,2004,136191

NGRCB,WI,2005,132980

NGRCB,WI,2006,121885

NGRCB,WI,2007,132936

NGRCB,WI,2008,142543

NGRCB,WI,2009,135023

NGRCB,WI,2010,124850

NGRCB,WI,2011,131300

NGRCB,WI,2012,114770

NGRCB,WI,2013,146877

NGRCB,WI,2014,155974

NGRCB,WI,2015,132795

NGRCB,WI,2016,131192

NGRCB,WI,2017,136267

NGRCB,WI,2018,151487

NGRCB,WI,2019,159117

NGRCB,WV,1960,51444

NGRCB,WV,1961,50895

NGRCB,WV,1962,51375

NGRCB,WV,1963,55342

NGRCB,WV,1964,54640

NGRCB,WV,1965,53170

NGRCB,WV,1966,55215

NGRCB,WV,1967,52310

NGRCB,WV,1968,56742

NGRCB,WV,1969,58508

NGRCB,WV,1970,59654

NGRCB,WV,1971,57242

NGRCB,WV,1972,61321

NGRCB,WV,1973,57418

NGRCB,WV,1974,55083

NGRCB,WV,1975,53248

NGRCB,WV,1976,53681

NGRCB,WV,1977,53777

NGRCB,WV,1978,55072

NGRCB,WV,1979,49101

NGRCB,WV,1980,49830

NGRCB,WV,1981,49001

NGRCB,WV,1982,45025

NGRCB,WV,1983,41487

NGRCB,WV,1984,41813

NGRCB,WV,1985,39215

NGRCB,WV,1986,38982

NGRCB,WV,1987,38276

NGRCB,WV,1988,40594

NGRCB,WV,1989,39990

NGRCB,WV,1990,34917

NGRCB,WV,1991,34969

NGRCB,WV,1992,37589

NGRCB,WV,1993,37500

NGRCB,WV,1994,37457

NGRCB,WV,1995,37543

NGRCB,WV,1996,39674

NGRCB,WV,1997,38448

NGRCB,WV,1998,31539

NGRCB,WV,1999,33136

NGRCB,WV,2000,33757

NGRCB,WV,2001,34104

NGRCB,WV,2002,32712

NGRCB,WV,2003,34339

NGRCB,WV,2004,32090

NGRCB,WV,2005,31807

NGRCB,WV,2006,29198

NGRCB,WV,2007,28522

NGRCB,WV,2008,29540

NGRCB,WV,2009,28327

NGRCB,WV,2010,29085

NGRCB,WV,2011,27181

NGRCB,WV,2012,24358

NGRCB,WV,2013,28547

NGRCB,WV,2014,30859

NGRCB,WV,2015,27273

NGRCB,WV,2016,25498

NGRCB,WV,2017,24254

NGRCB,WV,2018,28668

NGRCB,WV,2019,25887

NGRCB,WY,1960,9099

NGRCB,WY,1961,10002

NGRCB,WY,1962,10361

NGRCB,WY,1963,8322

NGRCB,WY,1964,9358

NGRCB,WY,1965,9946

NGRCB,WY,1966,11021

NGRCB,WY,1967,11342

NGRCB,WY,1968,12088

NGRCB,WY,1969,15928

NGRCB,WY,1970,18398

NGRCB,WY,1971,19911

NGRCB,WY,1972,22780

NGRCB,WY,1973,14112

NGRCB,WY,1974,12029

NGRCB,WY,1975,11334

NGRCB,WY,1976,11126

NGRCB,WY,1977,10463

NGRCB,WY,1978,12704

NGRCB,WY,1979,13393

NGRCB,WY,1980,10343

NGRCB,WY,1981,9432

NGRCB,WY,1982,15199

NGRCB,WY,1983,14752

NGRCB,WY,1984,14538

NGRCB,WY,1985,15096

NGRCB,WY,1986,13376

NGRCB,WY,1987,11222

NGRCB,WY,1988,12268

NGRCB,WY,1989,12428

NGRCB,WY,1990,12622

NGRCB,WY,1991,12712

NGRCB,WY,1992,11527

NGRCB,WY,1993,13371

NGRCB,WY,1994,12212

NGRCB,WY,1995,12918

NGRCB,WY,1996,14360

NGRCB,WY,1997,13897

NGRCB,WY,1998,13554

NGRCB,WY,1999,12724

NGRCB,WY,2000,12742

NGRCB,WY,2001,11588

NGRCB,WY,2002,13917

NGRCB,WY,2003,12708

NGRCB,WY,2004,12641

NGRCB,WY,2005,12157

NGRCB,WY,2006,12156

NGRCB,WY,2007,12831

NGRCB,WY,2008,13711

NGRCB,WY,2009,13053

NGRCB,WY,2010,13317

NGRCB,WY,2011,13736

NGRCB,WY,2012,11895

NGRCB,WY,2013,14217

NGRCB,WY,2014,13803

NGRCB,WY,2015,12273

NGRCB,WY,2016,12891

NGRCB,WY,2017,13307

NGRCB,WY,2018,13959

NGRCB,WY,2019,15103
